source,target,ligand_complex,receptor_complex,lr_means,cellphone_pvals,expr_prod,scaled_weight,lr_logfc,spec_weight,lrscore,specificity_rank,magnitude_rank
Source_Tumor_CSC,Target_PBMC_NK,VIM,CD44,1.917677,1.0,3.3691638,-0.08773234824043719,0.7256104778508072,0.34137887,0.95594966,1.0,0.0013463455033205568
Source_Tumor_CSC,Target_PBMC_NK,HLA-B,CD3D,1.7775607,1.0,2.0865479,-0.38483255104286895,0.5489714900504591,0.4226191,0.9446844,1.0,0.0028201761669259693
Source_Tumor_CSC,Target_PBMC_NK,APP,CD74,1.7772814,0.0,2.1913898,0.36011282589113003,-0.025028745236292504,0.3534395,0.9459514,0.9294500899755752,0.0030167740678405316
Source_Tumor_CSC,Target_PBMC_NK,HLA-B,CD8A,1.6808808,1.0,1.5425296,-0.39227080184106733,0.456525272408715,0.4310869,0.9362404,1.0,0.004333351517120467
Source_Tumor_CSC,Target_PBMC_NK,B2M,KLRD1,2.19138,1.0,1.4607837,-0.13255218503534152,0.3841990262083069,0.46147922,0.9345957,1.0,0.0045755349666383605
Source_Tumor_CSC,Target_PBMC_NK,MIF,CD44_CD74,1.5709016,0.0,2.4242632,0.22177302581607844,1.2978259590048722,0.41245928,0.9484757,0.08285706671473296,0.006745542901458504
Source_Tumor_CSC,Target_PBMC_NK,HLA-A,APLP2,1.5465537,1.0,1.755549,-0.3267493360137141,-0.16470809614963444,0.2552158,0.9399941,1.0,0.007045736195234511
Source_Tumor_CSC,Target_PBMC_NK,CADM1,CRTAM,0.06022734,0.0,0.0035670002,0.07441042876198267,0.13228894718127399,0.5687815,0.41387352,0.355598126162792,0.008279664280639426
Source_Tumor_CSC,Target_PBMC_NK,HLA-A,CD8A,1.4462423,1.0,1.285244,-0.30837593603030117,0.5185023881076074,0.42888996,0.93057233,1.0,0.01114517263953508
Source_Tumor_CSC,Target_PBMC_NK,MIF,CD74_CXCR4,1.4351041,0.0,1.9409887,0.17316830775457911,0.3336647713586325,0.261196,0.9427643,0.5862350610841293,0.012312430584788751
Source_Tumor_CSC,Target_PBMC_NK,HLA-B,CD8B,1.6119143,1.0,1.154455,-0.3972749070504563,0.3393491491866978,0.4326904,0.92702436,1.0,0.012714085327172008
Source_Tumor_CSC,Target_PBMC_NK,HLA-C,CD8A,1.3854835,1.0,1.2186208,-0.38918968668420795,0.3316815774365345,0.40788156,0.928833,1.0,0.015255402273151471
Source_Tumor_CSC,Target_PBMC_NK,HLA-B,LILRB2,1.5952163,1.0,1.0604951,-0.398627803579323,0.0040477689305695175,0.3779223,0.9241003,1.0,0.015255402273151471
Source_Tumor_CSC,Target_PBMC_NK,HLA-B,KLRD1,1.5884712,1.0,1.0225407,-0.39843616890074046,0.18874742021291013,0.41687793,0.9228122,1.0,0.01615236062513287
Source_Tumor_CSC,Target_PBMC_NK,FN1,CD44,1.3752939,0.0,1.8912672,0.9860213704087502,2.446252426875663,0.72941005,0.9420601,0.0017524113897017094,0.0170741341868786
Source_Tumor_CSC,Target_PBMC_NK,LGALS1,PTPRC,1.346364,1.0,1.7546601,-0.1250684406572136,0.38215604842202944,0.29405367,0.9399798,1.0,0.01998767927932298
Source_Tumor_CSC,Target_PBMC_NK,HLA-A,CD8B,1.3772758,1.0,0.961898,-0.31338004123969015,0.4013262648855902,0.43048534,0.9206065,1.0,0.01998767927932298
Source_Tumor_CSC,Target_PBMC_NK,RPS19,C5AR1,1.4861082,1.0,0.9156384,-0.3954481148833681,-0.7507542240054312,0.19541962,0.9187866,1.0,0.02205289936866992
Source_Tumor_CSC,Target_PBMC_NK,HLA-C,CD8B,1.316517,1.0,0.9120361,-0.39419379189359693,0.21450545421451728,0.40939876,0.9186394,1.0,0.023122163875063818
Source_Tumor_CSC,Target_PBMC_NK,SPP1,CD44,1.2923642,0.0,1.6652989,0.8889123726405289,2.523731489438721,0.73090017,0.93848825,0.009304192521904448,0.024215776795054635
Source_Tumor_CSC,Target_PBMC_NK,HLA-A,LILRB2,1.3605778,1.0,0.88361025,-0.3147329377685568,0.06602488462946193,0.37599632,0.9174483,1.0,0.025901703576795953
Source_Tumor_CSC,Target_PBMC_NK,TXLNA,STX3,0.06734871,0.996,0.004428319,-0.024365333220309957,-0.18311324297963052,0.17901763,0.44032884,1.0,0.027539607114223312
Source_Tumor_CSC,Target_PBMC_NK,HLA-C,LILRB2,1.299819,1.0,0.8378065,-0.3955466884224636,-0.12079592604161099,0.3575788,0.91541,1.0,0.03066289575595002
Source_Tumor_CSC,Target_PBMC_NK,COPA,CD74,1.5169194,1.0,0.75376636,-0.062229222478965104,-0.7698377095705338,0.20723413,0.9112265,1.0,0.036476398012459985
Source_Tumor_CSC,Target_PBMC_NK,HMGB1,CXCR4,1.1737812,1.0,1.3708788,-0.10715273549877669,-0.3422307256004158,0.21352877,0.9326273,1.0,0.03783344226291696
Source_Tumor_CSC,Target_PBMC_NK,HLA-E,CD8A,1.1566554,1.0,0.9677064,-0.19320202402068362,0.6989084891500132,0.4353139,0.92082626,1.0,0.04061810865452019
Source_Tumor_CSC,Target_PBMC_NK,CCN2,ITGB2,1.1548644,0.0,0.99253154,0.7083838537286485,1.9809861970748135,0.822427,0.92174476,0.001758520400964156,0.042045597425390685
Source_Tumor_CSC,Target_PBMC_NK,MIF,TNFRSF14,1.1300168,0.0,0.85524815,0.1890939222853594,0.688465440995472,0.3203519,0.9162044,0.34064839157821397,0.04349643433278995
Source_Tumor_CSC,Target_PBMC_NK,B2M,KLRC1,2.0695019,1.0,0.48104888,-0.14401847984540195,0.06976851192754024,0.45955062,0.89130557,1.0,0.04399562680349026
Source_Tumor_CSC,Target_PBMC_NK,PKM,CD44,1.1242063,1.0,1.2070987,-0.11557365839929878,0.4522786107346397,0.30425176,0.92851835,1.0,0.04423058749858229
Source_Tumor_CSC,Target_PBMC_NK,RSPO3,SDC4,0.07273122,0.0,0.0052897013,0.3091985627148298,0.12628175998359029,0.62427443,0.46233234,0.3661067134083606,0.049449547842023295
Source_Tumor_CSC,Target_PBMC_NK,B2M,KLRC2,2.0618773,1.0,0.41975754,-0.14479847419209593,0.05119719142392892,0.4680153,0.8845254,1.0,0.04946464307099398
Source_Tumor_CSC,Target_PBMC_NK,HLA-E,KLRK1,1.0990819,1.0,0.7644659,-0.19522872031290303,0.47739945033228026,0.42642614,0.91179496,1.0,0.049531929624917065
Source_Tumor_CSC,Target_PBMC_NK,HLA-E,CD8B,1.0876889,1.0,0.7242476,-0.1982061292300726,0.581732365927996,0.4369332,0.9095974,1.0,0.05109850693789198
Source_Tumor_CSC,Target_PBMC_NK,CCN1,ITGB2,1.0780756,0.0,0.72546464,0.6151265931993726,1.8257123409117417,0.8224468,0.9096664,0.005468824502012344,0.05349137961643906
Source_Tumor_CSC,Target_PBMC_NK,HLA-B,LILRB1,1.5199221,1.0,0.6368151,-0.40591740014467875,-0.14932380516971003,0.35156122,0.9041666,1.0,0.05593566029047416
Source_Tumor_CSC,Target_PBMC_NK,S100A9,ITGB2,1.0540463,1.0,0.64189184,-0.29454949409983117,-1.2771266189634884,0.11586182,0.90451,1.0,0.057593629595427784
Source_Tumor_CSC,Target_PBMC_NK,FN1,PLAUR,1.0398548,0.0,0.9599691,0.9516849305332877,1.9544501809277648,0.55890876,0.9205331,0.014697880170443364,0.060123090123408884
Source_Tumor_CSC,Target_PBMC_NK,HLA-DRA,CD4,1.0816574,0.0,0.5869976,0.2549213996349964,0.9420456057059576,0.44592106,0.9005788,0.052840293692707256,0.06801541843347365
Source_Tumor_CSC,Target_PBMC_NK,FN1,ITGA4_ITGB1,1.0001737,0.0,0.8498004,0.9519099114948094,1.9395199394349678,0.5497982,0.9159587,0.016885328008123146,0.06892030641105851
Source_Tumor_CSC,Target_PBMC_NK,COL6A1,ITGA6,0.07516003,0.0,0.005628625,0.19412559109658947,-0.13259956220880148,0.24023162,0.47005963,1.0,0.08211216423691257
Source_Tumor_CSC,Target_PBMC_NK,HLA-A,LILRB1,1.2852837,1.0,0.53059775,-0.3220225343339126,-0.08734668947081761,0.3497696,0.8959641,1.0,0.08315639306779352
Source_Tumor_CSC,Target_PBMC_NK,AGTRAP,RACK1,1.4813994,1.0,0.5151446,-0.18202333196150014,-0.04672092234911751,0.14109765,0.89457846,1.0,0.08716045963829427
Source_Tumor_CSC,Target_PBMC_NK,ADA,DPP4,0.07526451,1.0,0.0056361207,-0.04879274542902647,-0.05996012230710143,0.21471564,0.47022536,1.0,0.08753239042197702
Source_Tumor_CSC,Target_PBMC_NK,CD14,ITGB2,1.0146545,1.0,0.5048899,-0.11480726959452682,0.5307629316690929,0.24451819,0.8936266,1.0,0.09125097148504807
Source_Tumor_CSC,Target_PBMC_NK,HLA-C,LILRB1,1.2245249,1.0,0.5030931,-0.40283628498781937,-0.2741675001418905,0.33263674,0.893457,1.0,0.09228704588100689
Source_Tumor_CSC,Target_PBMC_NK,TIMP2,CD44,0.9364642,0.0,0.6955353,0.13656861887598237,0.8927303247963461,0.42868647,0.90792036,0.06428174066081303,0.0996892331246165
Source_Tumor_CSC,Target_PBMC_NK,PIGF,FLT1,0.07733319,0.794,0.005952052,-0.0010655593186872578,-0.4301581122787852,0.11674001,0.4770238,1.0,0.1091461634701246
Source_Tumor_CSC,Target_PBMC_NK,SPP1,ITGA4_ITGB1,0.9172441,0.0,0.7482664,0.8548009137265882,2.016999001998025,0.5509213,0.91092986,0.01200970664587976,0.11071387979906609
Source_Tumor_CSC,Target_PBMC_NK,LGALS9,PTPRC,0.93622303,0.325,0.45265117,-0.021771618997945975,0.44134525968257515,0.30427864,0.88832283,1.0,0.11071387979906609
Source_Tumor_CSC,Target_PBMC_NK,HLA-B,LILRA1,1.4836679,1.0,0.43281215,-0.4058147872107336,-0.15571160935149403,0.40755755,0.8860803,1.0,0.11990985139786273
Source_Tumor_CSC,Target_PBMC_NK,CD99,CD81,0.904178,1.0,0.81594324,-0.27363936614213036,-0.47313107761102924,0.1787503,0.91438055,1.0,0.12226054612408471
Source_Tumor_CSC,Target_PBMC_NK,HLA-DRB1,CD4,0.9018301,0.0,0.4725833,0.13679209562568262,0.6038647391514778,0.40454155,0.8904425,0.10202335672066286,0.12582509367493716
Source_Tumor_CSC,Target_PBMC_NK,HLA-DPA1,CD4,0.89545447,0.0,0.46852684,0.21773531564422294,0.845091537572205,0.43067983,0.8900213,0.06209362762148347,0.12943564772419935
Source_Tumor_CSC,Target_PBMC_NK,LAMB2,RPSA,1.2778367,0.0,0.39194268,0.40139719608348295,0.6465698468168881,0.58010054,0.8809775,0.052840293692707256,0.14054109823904118
Source_Tumor_CSC,Target_PBMC_NK,CXCL12,SDC4,0.079574354,0.0,0.006280202,0.2854281410317793,0.24510324095632657,0.6311883,0.4837216,0.1586767502957241,0.14136590663109225
Source_Tumor_CSC,Target_PBMC_NK,IGF2,INSR,0.08006297,0.0,0.006378205,0.2872809681773726,0.01731491664467036,0.34028712,0.4856554,0.7307588525612421,0.14671248019592345
Source_Tumor_CSC,Target_PBMC_NK,S100A8,ITGB2,0.9804599,1.0,0.3859631,-0.31688322051718587,-1.3631167170075664,0.07484897,0.88016915,1.0,0.14817063826474502
Source_Tumor_CSC,Target_PBMC_NK,FN1,C5AR1,0.8686187,0.0,0.48455694,0.9403357901054413,1.4498360700109147,0.45671165,0.89165705,0.052840293692707256,0.1494596431641962
Source_Tumor_CSC,Target_PBMC_NK,HLA-A,LILRA1,1.2490294,1.0,0.36062142,-0.32191992139996745,-0.09373449365260161,0.40548056,0.87654126,1.0,0.15597880278791987
Source_Tumor_CSC,Target_PBMC_NK,LGALS1,ITGB1,0.85881376,1.0,0.6767279,-0.1663814755246582,-0.03415162848855546,0.2239305,0.9067681,1.0,0.1572974033884626
Source_Tumor_CSC,Target_PBMC_NK,FN1,ITGA4_ITGB7,0.8573868,0.0,0.45337322,0.9670099977414817,2.2000394671145056,0.82930857,0.88840187,0.001507575702903051,0.15862090743110607
Source_Tumor_CSC,Target_PBMC_NK,PSAP,LRP1,0.85188913,1.0,0.5508752,-0.16142783694484758,-0.009506317224620364,0.32246432,0.89769906,1.0,0.1680220319144844
Source_Tumor_CSC,Target_PBMC_NK,ANGPTL4,SDC4,0.08197349,0.0,0.0066274623,0.29373190239607727,0.22483259792070548,0.6232705,0.4904445,0.189509079976028,0.16803209284753737
Source_Tumor_CSC,Target_PBMC_NK,HMGB1,TLR2,0.8513537,1.0,0.56045914,-0.08633353078877247,-0.01160591502184627,0.29870093,0.89848834,1.0,0.16938446341081362
Source_Tumor_CSC,Target_PBMC_NK,FN1,ITGA5_ITGB1,0.84831905,0.0,0.4281979,0.9492159100962909,1.8717630470816382,0.54519266,0.8855382,0.025221661899218477,0.17075172332846353
Source_Tumor_CSC,Target_PBMC_NK,DLL1,NOTCH1,0.084478885,0.0,0.006654855,0.22479823903049545,0.004844554961414851,0.39418763,0.4909599,0.775703921580563,0.17334535451457717
Source_Tumor_CSC,Target_PBMC_NK,SELE,CD44,0.84318084,0.0,0.44135487,0.49886093981432605,1.4978780732124526,0.7312519,0.8870631,0.031824424805210944,0.17350069508515636
Source_Tumor_CSC,Target_PBMC_NK,HLA-C,LILRA1,1.1882706,1.0,0.3419279,-0.4027336720538742,-0.28055530432367454,0.3856188,0.87363213,1.0,0.18186262556013838
Source_Tumor_CSC,Target_PBMC_NK,LGALS1,CD69,0.8297714,1.0,0.6125176,-0.1726179906454236,-0.6142908324740031,0.20576647,0.90246785,1.0,0.18186262556013838
Source_Tumor_CSC,Target_PBMC_NK,COL4A2,CD44,0.82381076,0.0,0.3885749,0.5514634332654593,1.0783208854308168,0.72382015,0.88052434,0.019478849426013883,0.18610787423609698
Source_Tumor_CSC,Target_PBMC_NK,LGALS9,CD44,0.823793,0.687,0.3885265,-0.02897319495144992,0.5317700702126857,0.30741605,0.88051784,1.0,0.18753242502950052
Source_Tumor_CSC,Target_PBMC_NK,VEGFA,CD44,0.8235536,0.0,0.3878743,0.20230099491587453,1.0240203385344984,0.5138656,0.8804294,0.052840293692707256,0.19039567845458022
Source_Tumor_CSC,Target_PBMC_NK,EFNA1,EPHB6,0.08513299,0.0,0.0068527455,0.3662605461070643,0.22345418258512031,0.76736826,0.49462196,0.19251909253924424,0.19453194390632622
Source_Tumor_CSC,Target_PBMC_NK,TGFB1,CXCR4,0.8205501,1.0,0.6002593,-0.4970472608565322,-1.2367467696717016,0.112607695,0.9015745,1.0,0.19617855925984745
Source_Tumor_CSC,Target_PBMC_NK,CALM1,PTPRA,0.8154778,1.0,0.423424,-0.24642695788164687,-0.14640437747665724,0.2625357,0.8849688,1.0,0.19909805326975927
Source_Tumor_CSC,Target_PBMC_NK,HBEGF,CD44,0.8139552,0.0,0.36172038,0.13098141010234274,0.8181656165162134,0.4533598,0.87670577,0.06652718057605606,0.20203616077100595
Source_Tumor_CSC,Target_PBMC_NK,NAMPT,ITGA5_ITGB1,0.80633104,0.0,0.4022946,0.18930294510308698,0.7902733109660308,0.3353407,0.8823375,0.27879018885642187,0.21246515550295403
Source_Tumor_CSC,Target_PBMC_NK,LAMA4,CD44,0.80543387,0.0,0.33850124,0.5561555265745756,0.9981071440386717,0.7314169,0.87307507,0.022465294926376046,0.21548619848662684
Source_Tumor_CSC,Target_PBMC_NK,VCAN,CD44,0.8052636,1.0,0.33803722,-0.2566098352807448,-0.3993233134436929,0.13197565,0.8729991,1.0,0.21700356666743806
Source_Tumor_CSC,Target_PBMC_NK,HLA-DPB1,CD4,0.8030429,0.0,0.40973037,0.14886375665039908,0.699897885045361,0.40969902,0.88328487,0.08891565577721648,0.22005195472879902
Source_Tumor_CSC,Target_PBMC_NK,COL4A1,CD44,0.8028548,0.0,0.33147368,0.5293022854746832,1.0379222391413516,0.7302979,0.8719081,0.024244578046646408,0.22158295793806432
Source_Tumor_CSC,Target_PBMC_NK,CXCL12,DPP4,0.08369589,0.0,0.0069955103,0.2828312829456892,0.22140006792916755,0.5570045,0.4971992,0.19658804776156294,0.22611289829328485
Source_Tumor_CSC,Target_PBMC_NK,ADAM10,CD44,0.8000701,0.717,0.32388598,-0.03688721837272343,0.5267000103265906,0.2973117,0.8706094,1.0,0.22620310425249252
Source_Tumor_CSC,Target_PBMC_NK,CD55,ADGRE5,0.7915094,0.0,0.62523913,0.11608325135812311,0.7444319149200258,0.42528424,0.90336883,0.07510085868572976,0.23242630707656214
Source_Tumor_CSC,Target_PBMC_NK,GNAS,PTGDR,0.9096313,0.027,0.28598455,0.029329683958685022,0.3593776452381023,0.4832466,0.8634365,0.9743171308057178,0.23556476176339342
Source_Tumor_CSC,Target_PBMC_NK,TIMP3,CD44,0.78627956,0.0,0.2863092,0.4846690790048523,1.0270282706283658,0.7309878,0.8635034,0.03683183336174249,0.23714067325076027
Source_Tumor_CSC,Target_PBMC_NK,HLA-DRA,LAG3,0.9973043,0.0,0.27570215,0.25404892992555034,0.9186167576614986,0.5418455,0.86126333,0.052840293692707256,0.249907284299751
Source_Tumor_CSC,Target_PBMC_NK,TIMP1,CD63,0.76709676,1.0,0.586939,-0.0937311194197152,-0.27117044939568413,0.19409855,0.9005743,1.0,0.249907284299751
Source_Tumor_CSC,Target_PBMC_NK,SPP1,ITGA5_ITGB1,0.76538944,0.0,0.37703687,0.8521069123280697,1.949242109644696,0.54630643,0.87892973,0.015410784710468873,0.2531428867412433
Source_Tumor_CSC,Target_PBMC_NK,IL18,IL18BP,0.09019166,0.005,0.007156653,0.025343855250983108,0.026335231840452833,0.21820094,0.5000459,1.0,0.2574559558586247
Source_Tumor_CSC,Target_PBMC_NK,SPP1,PTGER4,0.75514275,0.0,0.35198748,0.8578818074623791,1.9831187630078175,0.62383276,0.875224,0.011378738527650804,0.2646044488639481
Source_Tumor_CSC,Target_PBMC_NK,GNAS,ADCY7,0.90348285,0.056,0.26575047,0.024026765858395444,0.2130094787102867,0.37667638,0.8590523,1.0,0.2662590946700548
Source_Tumor_CSC,Target_PBMC_NK,JAG2,NOTCH1,0.08766204,0.0,0.007332417,0.2404405556522176,0.0078497762853387,0.39721018,0.5030787,0.7610460049288379,0.27303856226748363
Source_Tumor_CSC,Target_PBMC_NK,HRAS,INSR,0.08654627,0.132,0.0073431428,0.010833243138430945,-0.12179609250466357,0.1848634,0.50326145,1.0,0.27821960158950937
Source_Tumor_CSC,Target_PBMC_NK,SPP1,S1PR1,0.74284846,0.0,0.32193244,0.8523902018852543,1.9685770340727768,0.5537847,0.8702683,0.012657147730977534,0.2813431789577407
Source_Tumor_CSC,Target_PBMC_NK,TNFSF13,SDC2,0.086436145,1.0,0.0074023018,-0.12013000170791378,-0.1575957381119331,0.1668747,0.50426435,1.0,0.29887819732143694
Source_Tumor_CSC,Target_PBMC_NK,ANXA2,TLR2,0.7298126,1.0,0.4520542,-0.04527580729386374,0.04691699170463559,0.30382618,0.8882574,1.0,0.3072399041047692
Source_Tumor_CSC,Target_PBMC_NK,GNAS,ADRB2,0.8922063,0.08,0.22864023,0.02033590002330745,0.20908401422119488,0.3457601,0.84969836,1.0,0.33587796415836474
Source_Tumor_CSC,Target_PBMC_NK,IL18,IL18R1_IL18RAP,0.09272895,0.0,0.0077730254,0.033114565989838855,0.053454191405841844,0.3020393,0.5103715,0.5899306317635793,0.33733076826686126
Source_Tumor_CSC,Target_PBMC_NK,IL18,IL18_IL18R1_IL18RAP,0.09272895,0.0,0.0077730254,0.033114565989838855,0.053454191405841844,0.3020393,0.5103715,0.5899306317635793,0.33733076826686126
Source_Tumor_CSC,Target_PBMC_NK,GNAI2,FPR1,0.71482307,1.0,0.43559742,-0.25349902547673475,-0.37373923071018145,0.24046032,0.8864037,1.0,0.3377018673827936
Source_Tumor_CSC,Target_PBMC_NK,ICAM1,IL2RG,0.7090955,0.0,0.47587752,0.13189788890206652,0.8097432686802898,0.43554947,0.89078087,0.06607345891879303,0.3431972627856141
Source_Tumor_CSC,Target_PBMC_NK,HMGB1,TLR4,0.718823,1.0,0.2273439,-0.09239943429329524,0.07522110037480118,0.28365007,0.84933496,1.0,0.3431972627856141
Source_Tumor_CSC,Target_PBMC_NK,HLA-DRB5,CD4,0.70775187,0.0,0.3491019,0.19159384472451066,0.708863776074625,0.43818322,0.87477386,0.05350750651134955,0.3450369287109246
Source_Tumor_CSC,Target_PBMC_NK,LAMB2,CD44,0.76313955,0.0,0.22325684,0.4029203322189864,0.8079527744762334,0.6911302,0.8481705,0.052840293692707256,0.3598946700195944
Source_Tumor_CSC,Target_PBMC_NK,DLL4,NOTCH1,0.09095779,0.0,0.008033946,0.28905893205814853,0.0344121386635981,0.4127406,0.514496,0.6224189323436334,0.36022622394858667
Source_Tumor_CSC,Target_PBMC_NK,HSPA1A,TLR4,0.70637345,0.0,0.22283968,0.6105273457503179,1.4739023101832853,0.5389611,0.84805006,0.052840293692707256,0.3617693143868178
Source_Tumor_CSC,Target_PBMC_NK,HLA-DRB1,LAG3,0.817477,0.0,0.22196381,0.13591962591623655,0.5804358911070188,0.49156463,0.84779614,0.06383956351747064,0.37309762996470874
Source_Tumor_CSC,Target_PBMC_NK,HLA-DPA1,LAG3,0.8111013,0.0,0.22005856,0.21686284593477684,0.821662689527746,0.5233257,0.84723914,0.052840293692707256,0.3807258475214917
Source_Tumor_CSC,Target_PBMC_NK,LAMC1,CD44,0.761699,0.0,0.21933158,0.4401905228406763,0.8093412788329867,0.7068016,0.8470249,0.052840293692707256,0.3826423263970739
Source_Tumor_CSC,Target_PBMC_NK,GRN,TNFRSF1B,0.6832732,1.0,0.46221876,-0.062299475619167724,-0.13852078877299023,0.2714867,0.88935614,1.0,0.3826423263970739
Source_Tumor_CSC,Target_PBMC_NK,PODXL,SELL,0.33062127,0.0,0.073659115,0.39145205548218,0.4167359156401764,0.6538147,0.7624007,0.052840293692707256,0.3875688308619379
Source_Tumor_CSC,Target_PBMC_NK,HLA-E,KLRC1_KLRD1,0.9423677,1.0,0.21124867,-0.21083368589041723,0.11670012267344171,0.41920635,0.8445763,1.0,0.3981085696455082
Source_Tumor_CSC,Target_PBMC_NK,GNAI2,C5AR1,0.6692136,1.0,0.34534836,-0.2695433831860444,-0.6269868795540048,0.17764631,0.87418056,1.0,0.40005852654740115
Source_Tumor_CSC,Target_PBMC_NK,CALM3,KCNQ1,0.31628,1.0,0.0701349,-0.14533039610464,-0.06394513062737545,0.29407495,0.7579316,1.0,0.40006259832931246
Source_Tumor_CSC,Target_PBMC_NK,LAMA5,ITGA6_ITGB1,0.09280439,0.0,0.0084403325,0.3200419825151941,-0.08026704887054889,0.25733823,0.5206565,1.0,0.4006044555371242
Source_Tumor_CSC,Target_PBMC_NK,HLA-DQA2,LAG3,0.32567638,0.0,0.07499756,0.19272468353435673,0.5962919203920931,0.5816378,0.76402783,0.052840293692707256,0.4011372415632059
Source_Tumor_CSC,Target_PBMC_NK,GNAI2,S1PR4,0.6687428,1.0,0.3444167,-0.23884646025833933,0.15734436165762683,0.3447098,0.8740319,1.0,0.402012161551784
Source_Tumor_CSC,Target_PBMC_NK,MYL9,CD69,0.34480613,0.368,0.07509363,0.0031593584026078578,-0.9152939428454632,0.25639006,0.76414317,1.0,0.4025836360045944
Source_Tumor_CSC,Target_PBMC_NK,SERPINF1,PLXDC2,0.32551622,0.0,0.06844625,0.27345280591701754,0.2952010491544833,0.52736336,0.75568885,0.10328288942867261,0.40586051676323487
Source_Tumor_CSC,Target_PBMC_NK,FAM3C,LAMP1,0.31220567,0.0,0.076276086,0.11744883501176587,0.142090224789611,0.37541568,0.7655482,0.32692510667933655,0.41280600896625064
Source_Tumor_CSC,Target_PBMC_NK,CD99,PILRA,0.6505195,1.0,0.3369797,-0.25504678954238896,-0.3115469878493746,0.24755704,0.87282526,1.0,0.4157898932582365
Source_Tumor_CSC,Target_PBMC_NK,SIRPA,CD47,0.31074816,1.0,0.07082127,-0.06883784296215734,0.05642404034553655,0.22575884,0.7588239,1.0,0.41836651090291066
Source_Tumor_CSC,Target_PBMC_NK,ACTR2,LDLR,0.35258314,1.0,0.0675778,-0.12089975748825386,-0.11873606025524464,0.1763917,0.75450814,1.0,0.4191100349775928
Source_Tumor_CSC,Target_PBMC_NK,CALR,ITGAV,0.4231248,0.83,0.07687272,-0.015066330106228671,-0.06547568046678268,0.18663743,0.76624674,1.0,0.42170444049676326
Source_Tumor_CSC,Target_PBMC_NK,CD86,CD28,0.09938787,0.979,0.008666483,-0.021321095996318436,0.06848292661836708,0.28325382,0.5239551,1.0,0.4231352238013314
Source_Tumor_CSC,Target_PBMC_NK,CALM1,KCNN4,0.6829263,1.0,0.07693816,-0.2584536841704388,-0.2803847305105023,0.2105766,0.7663229,1.0,0.423199832051555
Source_Tumor_CSC,Target_PBMC_NK,LAMB1,CD44,0.7557332,0.0,0.20307583,0.45510449972079786,0.8173538838920962,0.72522664,0.841969,0.052840293692707256,0.4257396394248255
Source_Tumor_CSC,Target_PBMC_NK,TGFB1,TGFBR1_TGFBR2,0.3357459,1.0,0.06669822,-0.491547929587554,-0.9723126541608196,0.11464485,0.75329274,1.0,0.42810143778668486
Source_Tumor_CSC,Target_PBMC_NK,ANGPTL4,SDC2,0.09315609,0.0,0.008675558,0.2945826451986875,0.22324513540159063,0.63985825,0.52408564,0.1935303528340901,0.43061643533126337
Source_Tumor_CSC,Target_PBMC_NK,MDK,SORL1,0.32622284,0.0,0.07758473,0.38507736704747075,0.23084117048992628,0.66053367,0.76707137,0.18262303621152812,0.43072998517391886
Source_Tumor_CSC,Target_PBMC_NK,CD99,PILRB,0.51316607,1.0,0.07762605,-0.2659520910007929,-0.31504264060039566,0.20573741,0.76711893,1.0,0.4322466255249255
Source_Tumor_CSC,Target_PBMC_NK,EFNB2,PECAM1,0.30409935,0.0,0.07729092,0.3980128074027893,-0.3021024114592317,0.36508304,0.7667323,1.0,0.43875265514979467
Source_Tumor_CSC,Target_PBMC_NK,SELPLG,ITGB2,0.92519546,1.0,0.19375637,-0.20255234829300695,0.4165288607332759,0.13428399,0.83881843,1.0,0.44387337589661846
Source_Tumor_CSC,Target_PBMC_NK,CCL2,CCR1,0.33163562,0.0,0.06366784,0.45797731684689996,1.4142055885439024,0.6897665,0.74894667,0.04283809171850428,0.44646805538106327
Source_Tumor_CSC,Target_PBMC_NK,NID1,ITGB1,0.35796905,0.0,0.0635238,0.12983433183656964,0.1861501867752458,0.4037699,0.74873364,0.24938669148774106,0.44802184916024185
Source_Tumor_CSC,Target_PBMC_NK,CD58,CD2,0.30125728,1.0,0.07644348,-0.07506968090087063,0.4061232637513715,0.34078336,0.76574486,1.0,0.44802184916024185
Source_Tumor_CSC,Target_PBMC_NK,GNAI2,S1PR1,0.626373,1.0,0.26057813,-0.2603799736380103,-0.18572497805520005,0.21496552,0.8578582,1.0,0.44998115973416514
Source_Tumor_CSC,Target_PBMC_NK,HLA-DPB1,LAG3,0.7186898,0.0,0.19244294,0.14799128694095298,0.676469037000902,0.49783155,0.83835816,0.0574767323822,0.45202403821707204
Source_Tumor_CSC,Target_PBMC_NK,C1QA,CD33,0.3001906,0.0,0.07358655,0.5539725254566028,1.0035334849414017,0.7603507,0.7623114,0.021439268392768163,0.45270500415594556
Source_Tumor_CSC,Target_PBMC_NK,VWF,ITGA4,0.6249876,0.0,0.3904853,0.6341419993594031,1.6776850488304864,0.771796,0.88078207,0.004310903466486566,0.4540703780757706
Source_Tumor_CSC,Target_PBMC_NK,CXCL12,ITGAV,0.09513697,0.0,0.008981151,0.2706227975172177,0.07270020992040241,0.375656,0.528401,0.509128038705996,0.45544921876831945
Source_Tumor_CSC,Target_PBMC_NK,ANXA1,FPR1,0.6243225,1.0,0.35590646,-0.3225890088492506,-0.4808034935552108,0.20761709,0.8758274,1.0,0.4561201709746191
Source_Tumor_CSC,Target_PBMC_NK,VWF,ITGB1,0.62415135,0.0,0.38942134,0.611568938010651,1.3364911730634728,0.5403298,0.8806388,0.052840293692707256,0.45817340857797495
Source_Tumor_CSC,Target_PBMC_NK,CCN1,TLR4,0.29903957,0.0,0.075467385,0.5552957134143534,1.0050411493856628,0.61522484,0.7645903,0.052840293692707256,0.46375898340624777
Source_Tumor_CSC,Target_PBMC_NK,CALM1,KCNQ1,0.72517747,1.0,0.18738152,-0.24581163384909885,-0.14541760618674243,0.3174091,0.83654404,1.0,0.46849097541488766
Source_Tumor_CSC,Target_PBMC_NK,APP,LRP1,0.6137489,0.0,0.34428826,0.4043693101464917,1.0267511366785185,0.6030506,0.8740114,0.052840293692707256,0.46849097541488766
Source_Tumor_CSC,Target_PBMC_NK,AGRN,ITGB1,0.35636875,0.0,0.06156451,0.2631022201862323,0.20923133982821107,0.50223273,0.74577516,0.21680327497197102,0.4685508268984574
Source_Tumor_CSC,Target_PBMC_NK,TNFSF9,HLA-DPA1,0.61168545,0.0,0.2328194,0.16150745974061925,-0.33494621116387296,0.30439615,0.8508513,1.0,0.470564706196801
Source_Tumor_CSC,Target_PBMC_NK,ARF1,INSR,0.44469032,1.0,0.06064729,-0.13517351622923954,-0.22471900621403304,0.14749695,0.7443496,1.0,0.47337572205242284
Source_Tumor_CSC,Target_PBMC_NK,ACTR2,ADRB2,0.36486536,1.0,0.08208994,-0.10562705998020903,0.06970567211473529,0.2895266,0.7720759,1.0,0.47779342628603033
Source_Tumor_CSC,Target_PBMC_NK,HSPA8,ADRB2,0.73855734,0.003,0.18594052,0.033826989416377296,0.31541719196778545,0.35088855,0.8360156,0.884969054315769,0.4809839379469549
Source_Tumor_CSC,Target_PBMC_NK,MDK,LRP1,0.29507995,0.0,0.06784265,0.3876300215499204,0.5183292522911286,0.74379045,0.75487024,0.052840293692707256,0.4831246539369677
Source_Tumor_CSC,Target_PBMC_NK,F11R,ITGAL_ITGB2,0.29504603,0.0,0.0725726,0.12051504762846207,0.5520938865077677,0.5959517,0.7610521,0.07312787332808991,0.48476232318084167
Source_Tumor_CSC,Target_PBMC_NK,PLAT,LRP1,0.29479098,0.0,0.067591965,0.40221248080430444,0.6269076911641481,0.77313304,0.75452757,0.052840293692707256,0.4864036891031348
Source_Tumor_CSC,Target_PBMC_NK,GNAI2,S1PR5,0.5944682,1.0,0.19744696,-0.24418960766022912,0.085074994015929,0.3870435,0.8400899,1.0,0.4893796178377028
Source_Tumor_CSC,Target_PBMC_NK,ICAM3,ITGAL,0.3085808,1.0,0.08381665,-0.3190867605123043,-0.12367671700780891,0.17375082,0.7739023,1.0,0.4925524781145727
Source_Tumor_CSC,Target_PBMC_NK,HLA-E,KLRC2_KLRD1,0.93474305,1.0,0.18433307,-0.21161368023711122,0.09812880216983039,0.42692792,0.83541954,1.0,0.49359735913224956
Source_Tumor_CSC,Target_PBMC_NK,ICAM2,ITGAM_ITGB2,0.29739684,0.026,0.08450127,0.018093442086625826,0.32477617722856383,0.41730097,0.7746132,0.9681587062806593,0.4942108882991957
Source_Tumor_CSC,Target_PBMC_NK,SERPINE1,LRP1,0.2930366,0.0,0.06607005,0.24161899505518208,0.6335521744682862,0.6724292,0.75241244,0.052840293692707256,0.49633007159920256
Source_Tumor_CSC,Target_PBMC_NK,CIRBP,TREM1,0.5893386,1.0,0.24737778,-0.14366074039126983,-0.45975197611244556,0.22264527,0.85465914,1.0,0.4978282790793943
Source_Tumor_CSC,Target_PBMC_NK,TGFB1,ENG,0.32798114,1.0,0.058152545,-0.5313295586372109,-1.4625493734810628,0.044371467,0.7403325,1.0,0.4979974316846548
Source_Tumor_CSC,Target_PBMC_NK,IL1B,SIGIRR,0.3256008,1.0,0.0849955,-0.1478734337515905,-0.7395757613192829,0.14565618,0.77512187,1.0,0.49920860805004974
Source_Tumor_CSC,Target_PBMC_NK,PSEN1,CD44,0.74842983,0.925,0.18317544,-0.05498038872297375,0.5033481533620456,0.2539074,0.83498603,1.0,0.4999487117026129
Source_Tumor_CSC,Target_PBMC_NK,CALR,LRP1,0.5882515,0.126,0.32216927,0.016400038016979618,0.3707590861154304,0.38512334,0.8703098,1.0,0.5020723109939988
Source_Tumor_CSC,Target_PBMC_NK,HLA-F,LILRB1,0.30207404,1.0,0.08551346,-0.20528060604437115,-0.05529690161467418,0.2629545,0.7756509,1.0,0.5042397443970307
Source_Tumor_CSC,Target_PBMC_NK,SELPLG,SELL,0.3154285,1.0,0.05787573,-0.2523076563179823,-0.24733578907549486,0.10942173,0.7398735,1.0,0.5063904295973886
Source_Tumor_CSC,Target_PBMC_NK,GPI,AMFR,0.28901112,1.0,0.0710485,-0.04860489252268502,0.11669472183549692,0.26874143,0.7591169,1.0,0.508080232676117
Source_Tumor_CSC,Target_PBMC_NK,TGFB1,ITGB1,0.5812275,1.0,0.33686796,-0.4825540017089736,-0.7793180694661574,0.13403375,0.87280685,1.0,0.5084628497409371
Source_Tumor_CSC,Target_PBMC_NK,THBS1,LRP1,0.3169203,1.0,0.08678919,-0.0870505333974912,-0.036423613308142366,0.2568717,0.7769367,1.0,0.5093045709716453
Source_Tumor_CSC,Target_PBMC_NK,APOE,LDLR,0.30940273,0.0,0.05769919,0.5831284483891614,1.0221625474631248,0.4176214,0.73957944,0.07711350057172185,0.5097739553533228
Source_Tumor_CSC,Target_PBMC_NK,CLEC2B,KLRF1,0.31435913,0.028,0.057568602,0.024857688550111383,0.40449475462018025,0.49909168,0.7393612,0.9784390378235409,0.5131723540358617
Source_Tumor_CSC,Target_PBMC_NK,ADAM15,ITGA5,0.28627077,0.0,0.08145857,0.08043578546858415,0.18018075603875308,0.32384312,0.77139586,0.3209608370783942,0.5131723540358617
Source_Tumor_CSC,Target_PBMC_NK,CD55,CR1,0.41609362,0.0,0.05747383,0.08838387991659664,0.3621368490376379,0.36462805,0.73920244,0.1855508021168256,0.5148772025851296
Source_Tumor_CSC,Target_PBMC_NK,APP,PTGER2,0.57519764,0.0,0.28308836,0.411437545725225,1.1784479317799168,0.7518869,0.86283535,0.052840293692707256,0.514882411691195
Source_Tumor_CSC,Target_PBMC_NK,APOE,LSR,0.30915603,0.0,0.057450302,0.5901546287490209,1.1367639969141983,0.5195889,0.739163,0.052840293692707256,0.5165859888662185
Source_Tumor_CSC,Target_PBMC_NK,RARRES2,CCRL2,0.09868515,0.0,0.009550147,0.30363394775557007,0.05204845397712973,0.4065619,0.5360475,0.5934447285692036,0.5192645078254783
Source_Tumor_CSC,Target_PBMC_NK,CCL14,CCR1,0.3048819,0.0,0.05743808,0.558644320256458,1.3002207476811352,0.74595004,0.7391424,0.016192819362994253,0.5200145618454483
Source_Tumor_CSC,Target_PBMC_NK,C1QB,CD33,0.2831397,0.0,0.06773366,0.5526916729537977,0.9702749909781494,0.768678,0.7547214,0.027670515067974837,0.52345843912374
Source_Tumor_CSC,Target_PBMC_NK,CXCL8,SDC2,0.523621,0.0,0.09023752,0.24312434058123897,1.1603175879129248,0.45497254,0.7802948,0.052840293692707256,0.5264322561483619
Source_Tumor_CSC,Target_PBMC_NK,VEGFB,ADRB2,0.28263792,0.0,0.059238587,0.19646805143662285,0.47802614328748333,0.46731287,0.74210703,0.052840293692707256,0.5269173197667005
Source_Tumor_CSC,Target_PBMC_NK,ADAM9,ITGB1,0.38003507,0.0,0.090540126,0.07454636995994758,0.23798330085858113,0.33742398,0.78058165,0.26958022012464056,0.5333895305750552
Source_Tumor_CSC,Target_PBMC_NK,TNFSF13,FAS,0.10154468,1.0,0.00976332,-0.11766982990899584,-0.12614701370837858,0.17245811,0.53879154,1.0,0.5338379737933132
Source_Tumor_CSC,Target_PBMC_NK,CD47,SIRPA,0.281601,1.0,0.07825197,-0.09007760340753695,-0.05642404034553655,0.2494459,0.7678355,1.0,0.5365079050127466
Source_Tumor_CSC,Target_PBMC_NK,APOE,ABCA1,0.342354,0.0,0.090941586,0.5863892651901134,0.9701224037349307,0.46463627,0.78096026,0.052840293692707256,0.5386473942430401
Source_Tumor_CSC,Target_PBMC_NK,CLEC2D,KLRB1,0.3282342,1.0,0.055992194,-0.08520062729634093,0.8449405050041877,0.2932617,0.7366771,1.0,0.539143689849525
Source_Tumor_CSC,Target_PBMC_NK,THBS1,PTPRJ,0.3286091,1.0,0.091466814,-0.08990816383704005,-0.1645009046963527,0.23384692,0.7814524,1.0,0.5404076631878518
Source_Tumor_CSC,Target_PBMC_NK,HSPG2,ITGB1,0.5629221,0.0,0.31445602,0.6550535832718706,0.9413060486620635,0.55017304,0.86893606,0.052840293692707256,0.540847739643475
Source_Tumor_CSC,Target_PBMC_NK,APP,LRP10,0.56251967,0.0,0.2629622,0.39119148047591773,0.8269863329326994,0.45925567,0.85841256,0.052840293692707256,0.5430318772354559
Source_Tumor_CSC,Target_PBMC_NK,GRN,SORT1,0.3525997,1.0,0.055404227,-0.0770976421639694,-0.21807538577048843,0.23468849,0.7356519,1.0,0.5444409577695741
Source_Tumor_CSC,Target_PBMC_NK,LTB,TNFRSF1A,0.31934798,1.0,0.09228277,-0.11173093849295206,-0.43953419625294915,0.15910786,0.7822099,1.0,0.5474870886145952
Source_Tumor_CSC,Target_PBMC_NK,QDPR,DYSF,0.10533651,0.691,0.009865634,-0.008963665811457942,0.13605138080066675,0.32991812,0.54008657,1.0,0.5483542516414461
Source_Tumor_CSC,Target_PBMC_NK,ADAM17,ITGB1,0.38190725,1.0,0.09283231,-0.08659738941552644,-0.03758861792559065,0.19823553,0.7827152,1.0,0.5510498694107558
Source_Tumor_CSC,Target_PBMC_NK,TIMP2,ITGB1,0.561344,0.0,0.3125239,0.10245715996204167,0.3859978373556505,0.32312557,0.8685847,0.32393267686745975,0.5517995855388758
Source_Tumor_CSC,Target_PBMC_NK,BSG,SLC16A7,0.29794025,1.0,0.053928223,-0.05299501592431499,0.0058276936966657755,0.24347235,0.73301804,1.0,0.5533465332036656
Source_Tumor_CSC,Target_PBMC_NK,PTPN6,CLEC12A,0.27692348,1.0,0.076535374,-0.1839948165615861,0.12240960824078007,0.29447785,0.76585263,1.0,0.5587362775000373
Source_Tumor_CSC,Target_PBMC_NK,SERPINA1,LRP1,0.32463375,1.0,0.0934806,-0.22403892639188533,-0.15353591840267067,0.16879103,0.7833064,1.0,0.5600245457098869
Source_Tumor_CSC,Target_PBMC_NK,CXCL12,ITGA4,0.35030958,0.0,0.0532673,0.30979286385403015,0.6414232686794783,0.78671986,0.73180974,0.052840293692707256,0.5623486969672399
Source_Tumor_CSC,Target_PBMC_NK,ARPC5,LDLR,0.46707729,1.0,0.09377125,-0.050624277963823155,0.11454178246052249,0.19781938,0.78356975,1.0,0.563641453973348
Source_Tumor_CSC,Target_PBMC_NK,CXCL12,ITGB1,0.34947333,0.0,0.053122163,0.2872198025052781,0.3002293929124647,0.5507779,0.7315419,0.10015570160075217,0.5641607309488312
Source_Tumor_CSC,Target_PBMC_NK,S100A9,TLR4,0.27501017,1.0,0.066773616,-0.3543803738848504,-2.097797810489567,0.08666952,0.7533977,1.0,0.5677966450814178
Source_Tumor_CSC,Target_PBMC_NK,THBS1,CD47,0.3356425,1.0,0.094281435,-0.09739621019167048,-0.21589376798203275,0.19867793,0.7840295,1.0,0.5690959637659051
Source_Tumor_CSC,Target_PBMC_NK,APP,NOTCH2,0.54682255,0.0,0.23804311,0.40024429951889834,0.9550707421037672,0.58269584,0.8522538,0.052840293692707256,0.569481809493743
Source_Tumor_CSC,Target_PBMC_NK,LGALS3,LAG3,0.6405773,0.0,0.16910036,0.12347193592957664,0.5640674297919862,0.49137107,0.82940394,0.07024160516795891,0.5717057421341725
Source_Tumor_CSC,Target_PBMC_NK,CXCL12,CXCR4,0.5887959,0.0,0.09465748,0.2727265433577195,-0.15719930729307946,0.4627329,0.7843663,0.4649252099308006,0.5745857286110179
Source_Tumor_CSC,Target_PBMC_NK,TXLNA,STX4,0.117755316,0.995,0.010172562,-0.022305022785272247,-0.15223217393718716,0.20411228,0.5438891,1.0,0.5772157508399347
Source_Tumor_CSC,Target_PBMC_NK,VCAM1,ITGA4_ITGB7,0.27220228,0.0,0.07113541,0.3954236674789288,0.808914370664767,0.7962345,0.75922865,0.052840293692707256,0.5787976930909177
Source_Tumor_CSC,Target_PBMC_NK,MAML2,NOTCH2,0.27166802,1.0,0.073006585,-0.062422274169926815,0.16816117963509755,0.30080256,0.76159376,1.0,0.5806450528566212
Source_Tumor_CSC,Target_PBMC_NK,CD48,CD2,0.32361984,1.0,0.095267914,-0.3455189587774888,-0.07073156786222412,0.1817668,0.7849094,1.0,0.5819599371769322
Source_Tumor_CSC,Target_PBMC_NK,TGFB1,SDC2,0.3225111,1.0,0.052132398,-0.4834949203798622,-0.8360316839414104,0.15768987,0.7296911,1.0,0.5843511960228414
Source_Tumor_CSC,Target_PBMC_NK,VWF,LRP1,0.5349417,0.0,0.27592295,0.6264383011457989,1.5451967566536235,0.76045567,0.8613112,0.005062774521981858,0.5851116088246986
Source_Tumor_CSC,Target_PBMC_NK,HLA-DRB5,LAG3,0.6233988,0.0,0.16396683,0.19072137501506456,0.6854349280301661,0.5324431,0.82721186,0.052840293692707256,0.5873562200386269
Source_Tumor_CSC,Target_PBMC_NK,MDK,ITGA4_ITGB1,0.3842896,0.0,0.0957491,0.3727606584147725,0.3096236687009778,0.5284886,0.7853344,0.09294030999236094,0.587531808021964
Source_Tumor_CSC,Target_PBMC_NK,CALM1,FAS,0.7159699,1.0,0.16331327,-0.25078939899493313,-0.21865915482064863,0.27124006,0.82692623,1.0,0.5896038764945596
Source_Tumor_CSC,Target_PBMC_NK,COL6A1,CD44,0.71652645,0.0,0.09624449,0.2562467385127182,0.6854206739379001,0.6696879,0.78576905,0.052840293692707256,0.5950163178983902
Source_Tumor_CSC,Target_PBMC_NK,CD59,CD2,0.53001577,0.0,0.2690087,0.5908152798244481,1.3476795966442827,0.8607226,0.8597885,0.009702064782932862,0.5963641615795673
Source_Tumor_CSC,Target_PBMC_NK,NAMPT,INSR,0.6893094,0.0,0.09705502,0.17418277714096372,0.6114537081007256,0.20873177,0.78647405,0.4649252099308006,0.5987822000365953
Source_Tumor_CSC,Target_PBMC_NK,COL18A1,ITGA5,0.269428,0.0,0.07106793,0.3815965308255313,0.34779222369525237,0.5021112,0.75914186,0.06607345891879303,0.6012244335524021
Source_Tumor_CSC,Target_PBMC_NK,SPARC,ENG,0.2932843,0.0,0.050819222,0.15115989119609588,-0.3753932902210716,0.13608176,0.72716767,1.0,0.6012244335524021
Source_Tumor_CSC,Target_PBMC_NK,ADAM10,NOTCH2,0.26881403,1.0,0.07129477,-0.0602543247791096,0.15699271190129463,0.30475208,0.7594331,1.0,0.6031191848995098
Source_Tumor_CSC,Target_PBMC_NK,CALM1,INSR,0.6907015,1.0,0.0972622,-0.27012282148360434,-0.43997075996758483,0.1376956,0.78665304,1.0,0.6044607639999416
Source_Tumor_CSC,Target_PBMC_NK,HLA-DQB1,CD4,0.5236944,0.0,0.23199612,0.1780408201023081,0.6909339163099357,0.4510893,0.85062647,0.052840293692707256,0.6054185493247028
Source_Tumor_CSC,Target_PBMC_NK,GNAI2,ADCY7,0.57543635,1.0,0.15978801,-0.2518977816645601,-0.11200732057667366,0.2900932,0.82535905,1.0,0.6054185493247028
Source_Tumor_CSC,Target_PBMC_NK,ICAM2,ITGAL_ITGB2,0.32498795,0.005,0.09744695,0.023916085845727682,0.44289281522510343,0.4518665,0.78681225,0.89651197650794,0.6063615661781793
Source_Tumor_CSC,Target_PBMC_NK,VEGFA,SIRPA,0.26696923,0.0,0.07095829,0.17049754853739463,0.4900992396645268,0.4382696,0.7590007,0.05312221550158945,0.6107374418555583
Source_Tumor_CSC,Target_PBMC_NK,TFPI,LRP1,0.33065397,0.0,0.09870315,0.3877369949554299,0.627013832007968,0.7214142,0.7878846,0.052840293692707256,0.6120878735785494
Source_Tumor_CSC,Target_PBMC_NK,NECTIN2,CD96,0.31476992,0.0,0.09904566,0.38447999716319203,0.7727826283542518,0.80515546,0.78817385,0.052840293692707256,0.6140046235468185
Source_Tumor_CSC,Target_PBMC_NK,ADAM10,TSPAN14,0.2660884,1.0,0.06999884,-0.0677341476329466,-0.00035893277566484416,0.2525585,0.75775343,1.0,0.614570417092352
Source_Tumor_CSC,Target_PBMC_NK,NID1,ITGAV,0.10363267,0.0,0.010739713,0.1132373268485092,-0.04137899621681648,0.27538976,0.55061024,0.9831716016215172,0.6200818115104056
Source_Tumor_CSC,Target_PBMC_NK,THBS1,CD36,0.35032913,1.0,0.100158736,-0.08683772162838602,0.06836617577973131,0.25208667,0.78910524,1.0,0.621711826490775
Source_Tumor_CSC,Target_PBMC_NK,SERPING1,LRP1,0.33304855,0.0,0.10078045,0.3785015052212986,0.6115888228595763,0.7012517,0.78961974,0.052840293692707256,0.6255894022337969
Source_Tumor_CSC,Target_PBMC_NK,MDK,NCL,0.57152593,0.0,0.15432015,0.37457585201357957,0.23204605321245078,0.52006316,0.82283545,0.18165485789929875,0.6282542198611561
Source_Tumor_CSC,Target_PBMC_NK,C1QA,CD93,0.33418006,0.0,0.102732606,0.5317961854718809,0.6577133004038186,0.41314676,0.7912088,0.08178967881792916,0.6314359438145865
Source_Tumor_CSC,Target_PBMC_NK,HMGB1,THBD,0.6697036,1.0,0.10388261,-0.13876475090053061,-0.5635115212389655,0.07764035,0.79212683,1.0,0.637318989878985
Source_Tumor_CSC,Target_PBMC_NK,HSPA8,LDLR,0.72627515,0.016,0.15306933,0.018554291908332462,0.12697545959780554,0.21377596,0.8222414,1.0,0.6374669681572879
Source_Tumor_CSC,Target_PBMC_NK,HLA-DQA1,CD4,0.50780827,0.0,0.22188865,0.2904514500503569,0.8473092672782567,0.51240736,0.84777427,0.052840293692707256,0.6374669681572879
Source_Tumor_CSC,Target_PBMC_NK,COL4A2,CD93,0.26241013,0.0,0.06833918,0.5020130324297546,0.2944218661139774,0.4146201,0.7555443,0.10519401020525328,0.6379060855603189
Source_Tumor_CSC,Target_PBMC_NK,HMGB1,HAVCR2,0.6892386,1.0,0.15298373,-0.09306133967720064,0.051317993014295654,0.28793287,0.8222006,1.0,0.6397771142771664
Source_Tumor_CSC,Target_PBMC_NK,NAMPT,ADORA2A,0.71073896,0.0,0.15295202,0.19426362902861977,0.8559386197653578,0.4324754,0.8221854,0.05829635200039041,0.6420898927251346
Source_Tumor_CSC,Target_PBMC_NK,HLA-DQA1,LAG3,0.42345512,0.0,0.104217075,0.28957898034091084,0.8238804192337977,0.622634,0.79239136,0.052840293692707256,0.6432382720504014
Source_Tumor_CSC,Target_PBMC_NK,CCN2,IGF2R,0.5056286,0.0,0.25141838,0.6516288655812604,1.0950748195415878,0.594906,0.85566247,0.052840293692707256,0.6467237619926512
Source_Tumor_CSC,Target_PBMC_NK,APOE,SDC2,0.29957741,0.0,0.04778706,0.5950796129292895,1.1325204402936655,0.6476734,0.72102267,0.03314386216651868,0.6517875450157836
Source_Tumor_CSC,Target_PBMC_NK,TNFSF13B,HLA-DPB1,0.5647213,1.0,0.15149641,-0.15104322362868364,-0.6199553102077615,0.12966353,0.82148534,1.0,0.6536949978192612
Source_Tumor_CSC,Target_PBMC_NK,SERPINE1,PLAUR,0.4219273,0.0,0.105336,0.2265246509585125,0.4397768323709324,0.48570126,0.7932684,0.052840293692707256,0.6551865638548191
Source_Tumor_CSC,Target_PBMC_NK,PLAT,ITGAM,0.2580132,0.0,0.056129694,0.4043967136344048,0.6676725639175247,0.8449639,0.73691493,0.052840293692707256,0.6577978913188561
Source_Tumor_CSC,Target_PBMC_NK,CCN2,LRP1,0.50225425,0.0,0.2475666,0.6631622950208543,1.4089974633692128,0.77581465,0.8547065,0.0030346193393570894,0.6630275879193015
Source_Tumor_CSC,Target_PBMC_NK,HLA-DMB,CD4,0.32626754,0.0,0.10638417,0.0958693163774158,0.4074483180053047,0.42286754,0.79407907,0.09177675237407291,0.6632339283290294
Source_Tumor_CSC,Target_PBMC_NK,APOE,SORL1,0.50022703,0.0,0.2502095,0.6083372402328763,1.1104515565578668,0.68805915,0.85536456,0.019163819413479357,0.6653673523566601
Source_Tumor_CSC,Target_PBMC_NK,S100A9,CD68,0.49783027,1.0,0.23126909,-0.3612902764461747,-2.386243724970541,0.07084286,0.8504269,1.0,0.6724027564823039
Source_Tumor_CSC,Target_PBMC_NK,GNAI2,CXCR3,0.5685741,1.0,0.14620942,-0.25197055378201394,-0.06721385861506751,0.30790275,0.81886584,1.0,0.6747530819230998
Source_Tumor_CSC,Target_PBMC_NK,HLA-DQB1,LAG3,0.43934125,0.0,0.108964376,0.177168350392862,0.6675050682654768,0.5481255,0.7960315,0.052840293692707256,0.6815804017882923
Source_Tumor_CSC,Target_PBMC_NK,MDK,SDC4,0.11439063,0.0,0.011319638,0.3709689969412737,0.25449751674483967,0.6056449,0.5571077,0.14353591919003406,0.6857525405668525
Source_Tumor_CSC,Target_PBMC_NK,A2M,LRP1,0.48923355,0.0,0.2362711,0.5457667522250005,1.1083405717567878,0.7134528,0.85178274,0.021439268392768163,0.6865441769549476
Source_Tumor_CSC,Target_PBMC_NK,APP,TNFRSF21,0.4257228,0.0,0.045797907,0.3816293719366725,0.7089764958750835,0.37481806,0.71672654,0.16219787568240054,0.6884040084474435
Source_Tumor_CSC,Target_PBMC_NK,MFNG,NOTCH1,0.10642551,1.0,0.011326389,-0.1374053684820207,-0.2729552342990306,0.11867764,0.55718124,1.0,0.6903965302269095
Source_Tumor_CSC,Target_PBMC_NK,CCL4,CCR1,0.25318787,1.0,0.04540082,-0.10163577239897298,-0.42078397937716294,0.27023673,0.71584165,1.0,0.6904776640557895
Source_Tumor_CSC,Target_PBMC_NK,HLA-DMA,CD4,0.48844707,0.0,0.20957018,0.1264520154373113,0.47031996434206597,0.42085147,0.8440521,0.07264076179444488,0.6912786950727814
Source_Tumor_CSC,Target_PBMC_NK,FN1,ITGA6,0.7339274,0.0,0.110606164,0.9239002229926214,1.6282321907289619,0.26165524,0.7972429,0.04066612147697959,0.6939976507350358
Source_Tumor_CSC,Target_PBMC_NK,YBX1,NOTCH1,0.73139733,1.0,0.14435722,-0.1484793146269461,-0.06880143922796783,0.18602616,0.8179184,1.0,0.6960234576955284
Source_Tumor_CSC,Target_PBMC_NK,VCAN,TLR2,0.34703857,1.0,0.110650316,-0.2843953486322399,-1.032859690511363,0.11691208,0.7972751,1.0,0.6960817083465624
Source_Tumor_CSC,Target_PBMC_NK,THY1,ITGAX_ITGB2,0.2631755,0.0,0.044876296,0.3204404460654421,0.2511831056908366,0.6179041,0.7146583,0.14845670641884412,0.6967230000598701
Source_Tumor_CSC,Target_PBMC_NK,LAMA5,CD44,0.7341708,0.0,0.1443222,0.38216312993132284,0.7377531872761527,0.7173756,0.81790036,0.052840293692707256,0.6983996021641208
Source_Tumor_CSC,Target_PBMC_NK,IL6,IL6R_IL6ST,0.24769643,0.0,0.05659583,0.37739885462733197,0.28169113547924,0.274522,0.73771584,0.5981545842820348,0.6988133198319205
Source_Tumor_CSC,Target_PBMC_NK,S100A8,CD36,0.36125866,1.0,0.11110068,-0.3618919674558748,-1.8303156616252934,0.06929152,0.79760313,1.0,0.7002623319669415
Source_Tumor_CSC,Target_PBMC_NK,FN1,ITGAV_ITGB1,0.74583733,0.0,0.14367235,0.935312906506749,1.7119907564429055,0.37498778,0.8175641,0.0362091184987709,0.7007783981380507
Source_Tumor_CSC,Target_PBMC_NK,SEMA4A,LILRB2,0.24730223,0.0,0.044354867,0.027895048547802115,0.39592464647095804,0.44059736,0.7134652,0.3314525653098229,0.7009076128766252
Source_Tumor_CSC,Target_PBMC_NK,ICAM1,ITGAX_ITGB2,0.48214877,0.0,0.22852156,0.11375205282599075,0.3217095129211498,0.3687126,0.84966516,0.17592637902101052,0.7055434497152104
Source_Tumor_CSC,Target_PBMC_NK,FN1,DPP4,0.7343963,0.0,0.111907855,0.9475213919352206,1.8606906144516706,0.5560137,0.79818684,0.02803160356694268,0.7065648054352273
Source_Tumor_CSC,Target_PBMC_NK,FBN1,ITGA5,0.24653384,0.0,0.056944035,0.4531013313032592,0.3155780763361735,0.5449505,0.7383088,0.08835156140575992,0.7072157941259134
Source_Tumor_CSC,Target_PBMC_NK,AGRN,LRP1,0.2671591,0.0,0.04362129,0.27797158332138017,0.41793692341836186,0.70683813,0.7117575,0.052840293692707256,0.7072157941259134
Source_Tumor_CSC,Target_PBMC_NK,ICAM1,ITGAL_ITGB2,0.48017102,0.0,0.22636597,0.13323355578067297,0.7670392092258222,0.54763186,0.8490589,0.06517298200468409,0.7103185457418697
Source_Tumor_CSC,Target_PBMC_NK,COL6A2,CD44,0.73359805,0.0,0.14276156,-0.002389758878007228,0.516692662157114,0.2998298,0.8170893,0.7198420119965834,0.7103185457418697
Source_Tumor_CSC,Target_PBMC_NK,FBN1,ITGB1,0.39838853,0.0,0.11301099,0.4557953327017778,0.383334968689503,0.54955393,0.79897577,0.052840293692707256,0.715026496233762
Source_Tumor_CSC,Target_PBMC_NK,ANXA1,DYSF,0.4743881,1.0,0.11350266,-0.32336894443206654,-0.1958417830962183,0.24310811,0.79932415,1.0,0.71928255829625
Source_Tumor_CSC,Target_PBMC_NK,CCN1,ITGAV,0.26033878,0.0,0.043176964,0.5384386663683701,0.8174888406239278,0.37598225,0.7107061,0.15265310410113117,0.7199452702023211
Source_Tumor_CSC,Target_PBMC_NK,CD59,STAB1,0.40844825,0.0,0.11361152,0.5499850761388448,0.4056719596755342,0.34376195,0.79940104,0.23972637666806343,0.7214169080668721
Source_Tumor_CSC,Target_PBMC_NK,ARPC5,ADRB2,0.4793595,1.0,0.11390834,-0.035351580455778325,0.3029835148305024,0.32469767,0.79961014,1.0,0.7299967383204443
Source_Tumor_CSC,Target_PBMC_NK,PSAP,SORT1,0.6800484,1.0,0.11439025,-0.18151985244748428,-0.3722074949647659,0.22283952,0.79994816,1.0,0.7343119412741128
Source_Tumor_CSC,Target_PBMC_NK,HSPG2,LRP1,0.4737125,0.0,0.22280657,0.6699229464070184,1.1500116322522143,0.7743089,0.8480405,0.00854061693568737,0.7343423586378335
Source_Tumor_CSC,Target_PBMC_NK,APP,NCSTN,0.46906367,0.0,0.11460129,0.38573926290739585,0.7447023841107655,0.42702892,0.8000956,0.06607345891879303,0.73647590521165
Source_Tumor_CSC,Target_PBMC_NK,COL4A1,CD47,0.35724717,0.0,0.11464147,0.49971451290171104,0.5604251806169165,0.59921116,0.80012363,0.052840293692707256,0.7386441163414929
Source_Tumor_CSC,Target_PBMC_NK,ADAM9,ITGA6,0.11378879,0.0,0.011784291,0.04653668145775957,-0.07330444784742488,0.16058394,0.56206477,1.0,0.7456404591582344
Source_Tumor_CSC,Target_PBMC_NK,CD55,ADGRE2,0.47059625,0.0,0.13990162,0.09980519852111308,0.5339526050163951,0.48170623,0.81557226,0.08779015532587937,0.746445142855088
Source_Tumor_CSC,Target_PBMC_NK,CD34,SELL,0.37049198,0.0,0.11507975,0.5064216138932203,0.5553957377017471,0.6688202,0.80042857,0.052840293692707256,0.7473595160614837
Source_Tumor_CSC,Target_PBMC_NK,APOE,LRP1,0.46908414,0.0,0.21879147,0.6108898947353258,1.3979396383590692,0.7747854,0.84686506,0.006654139733738344,0.7488729119205823
Source_Tumor_CSC,Target_PBMC_NK,EFNB2,EPHB6,0.12306565,0.0,0.011803822,0.42611173051342355,0.3617033373081854,0.7596247,0.5622686,0.06123421320141129,0.7502039545444802
Source_Tumor_CSC,Target_PBMC_NK,COL4A1,CD93,0.24145418,0.0,0.058296714,0.4798518846389785,0.25402321982451215,0.4183307,0.7405704,0.14516237230567608,0.7524355479872054
Source_Tumor_CSC,Target_PBMC_NK,JAM3,ITGB1,0.34002745,0.0,0.041557197,0.07311997690766264,0.10714762856952258,0.3792436,0.7067596,0.4034097392648737,0.7568399299980857
Source_Tumor_CSC,Target_PBMC_NK,LAMB1,ITGA6_ITGB1,0.11436678,0.0,0.011876396,0.39298335230466913,-0.0006663522546053735,0.26015458,0.56302273,0.8106927737818252,0.759312461254301
Source_Tumor_CSC,Target_PBMC_NK,CCN2,ITGAM,0.46547648,0.0,0.20558415,0.6653465278509547,1.4497623361225895,0.84789467,0.842784,0.0026723489449189414,0.7634884637526589
Source_Tumor_CSC,Target_PBMC_NK,CFH,ITGAM,0.23951378,0.0,0.04280291,0.14717022828209156,0.4411673059441145,0.61545384,0.70981085,0.05912470637216488,0.7657004049689102
Source_Tumor_CSC,Target_PBMC_NK,VEGFC,ITGB1,0.40254974,0.0,0.11810572,0.4323503492657858,0.38106903253481705,0.5412252,0.8024936,0.052840293692707256,0.7672194662269598
Source_Tumor_CSC,Target_PBMC_NK,HLA-F,CD8A,0.4630326,1.0,0.20713556,-0.1916340077407597,0.5505521759637508,0.32243672,0.84328145,1.0,0.7708274920205653
Source_Tumor_CSC,Target_PBMC_NK,PAM,DPP4,0.114936285,0.0,0.012032395,0.05110011904650739,0.07850220471412872,0.32280117,0.5646274,0.4764566635388256,0.7729290186466256
Source_Tumor_CSC,Target_PBMC_NK,CCL3,CCR1,0.23728713,0.954,0.041698243,-0.01143279832343016,-0.06974805879308141,0.3498545,0.7071106,1.0,0.7746297656920162
Source_Tumor_CSC,Target_PBMC_NK,LGALS3,ENG,0.61870766,0.0,0.11959882,0.06611369243083293,-0.2148904830572571,0.102577835,0.80348724,1.0,0.7761577785779988
Source_Tumor_CSC,Target_PBMC_NK,SELE,GLG1,0.3474487,0.0,0.12016848,0.4677943138123534,0.993886562698749,0.598474,0.8038621,0.052840293692707256,0.780653069601897
Source_Tumor_CSC,Target_PBMC_NK,CD14,TLR4,0.2356185,1.0,0.052521814,-0.17463814937954605,-0.2899082598569858,0.1829099,0.7304244,1.0,0.783628278907955
Source_Tumor_CSC,Target_PBMC_NK,ALCAM,CD6,0.23532483,0.0,0.05026008,0.09762734970954468,0.542683191204949,0.5849173,0.72606885,0.0906241543917161,0.7858889082666359
Source_Tumor_CSC,Target_PBMC_NK,IL16,CD4,0.23530456,1.0,0.048509378,-0.10585856920903905,0.05844487456503744,0.2350971,0.72252893,1.0,0.7881536610807192
Source_Tumor_CSC,Target_PBMC_NK,ICAM1,ITGAM_ITGB2,0.45257992,0.0,0.19629359,0.12741091202157112,0.6489225712292827,0.50574076,0.839696,0.0683654746283365,0.7904983670808259
Source_Tumor_CSC,Target_PBMC_NK,THBS1,ITGA4,0.4069662,1.0,0.122823775,-0.07934683518388702,0.0960646788687205,0.2607023,0.80557936,1.0,0.7942423537878469
Source_Tumor_CSC,Target_PBMC_NK,CSF1,CSF3R,0.3652625,0.0,0.040204335,0.06508929651103118,-0.041433773591445525,0.39989474,0.7033183,0.8853964138418332,0.7949742384695815
Source_Tumor_CSC,Target_PBMC_NK,CD14,ITGA4,0.45209032,1.0,0.17822196,-0.15232513008871681,0.09126249014035503,0.23409948,0.83308864,1.0,0.7954384462097251
Source_Tumor_CSC,Target_PBMC_NK,S100A8,CD69,0.3880171,1.0,0.1229787,-0.3832106574808933,-2.7239502382887655,0.046099145,0.80567807,1.0,0.7965224542850118
Source_Tumor_CSC,Target_PBMC_NK,CD14,ITGB1,0.45125407,1.0,0.17773636,-0.17489819143746885,-0.24993138562665862,0.16389166,0.8328989,1.0,0.8003873361138824
Source_Tumor_CSC,Target_PBMC_NK,LGALS9,LRP1,0.3594632,1.0,0.12369519,-0.04821529073024275,0.23374316636214104,0.3261167,0.80613244,1.0,0.8033889301389346
Source_Tumor_CSC,Target_PBMC_NK,VEGFA,ITGB1,0.4484335,0.0,0.17428301,0.16818953600193384,0.5172878510938029,0.38732997,0.83152896,0.12653264961428545,0.8053449701081599
Source_Tumor_CSC,Target_PBMC_NK,SELPLG,ITGAM,0.23580754,1.0,0.04013297,-0.2455896741707007,-0.1146950002189483,0.13844231,0.7031329,1.0,0.8064289663066502
Source_Tumor_CSC,Target_PBMC_NK,F13A1,ITGA4,0.4483536,0.1,0.17363442,0.013751916928102289,0.48135495922722726,0.37522447,0.8312677,1.0,0.8078271055576285
Source_Tumor_CSC,Target_PBMC_NK,FN1,SDC2,0.74145734,0.0,0.13151187,0.9509689928239209,1.882806324959715,0.6468341,0.81087583,0.021695764003578803,0.8078271055576285
Source_Tumor_CSC,Target_PBMC_NK,CD22,PTPRC,0.8328204,0.0,0.12439543,0.21654062039209104,0.6126749950528575,0.61081505,0.80657315,0.052840293692707256,0.8126056848163938
Source_Tumor_CSC,Target_PBMC_NK,F13A1,ITGB1,0.44751734,0.79,0.17316133,-0.00882114442064975,0.1401610834602136,0.26269242,0.83107626,1.0,0.8127977307569287
Source_Tumor_CSC,Target_PBMC_NK,SPP1,ITGAV_ITGB1,0.6629077,0.0,0.1265064,0.8382039087385278,1.789469819005963,0.37575385,0.8078824,0.030982153330837883,0.8195641511319325
Source_Tumor_CSC,Target_PBMC_NK,MDK,ITGA6_ITGB1,0.11804331,0.0,0.012462268,0.34475096991258447,-0.0016640800050281845,0.25151378,0.56893694,0.822625493590354,0.8223843085245295
Source_Tumor_CSC,Target_PBMC_NK,BGN,TLR2,0.26707622,0.0,0.039330266,0.2991589594496775,0.16242956322691474,0.6479337,0.70102,0.2896026222272117,0.8226498120241951
Source_Tumor_CSC,Target_PBMC_NK,LRPAP1,LRP1,0.3634458,0.999,0.12715009,-0.034791916220668434,0.2654305748806825,0.34166187,0.808276,1.0,0.8265622287604995
Source_Tumor_CSC,Target_PBMC_NK,ADAM10,IL6R,0.23095758,1.0,0.053295538,-0.0640824943918504,0.0564877339870814,0.2959355,0.7318617,1.0,0.8273238332538251
Source_Tumor_CSC,Target_PBMC_NK,CXCL2,DPP4,0.28212908,0.0,0.038988866,0.12628762201585336,0.5308084148046537,0.36034355,0.70010555,0.19658804776156294,0.8320157533261636
Source_Tumor_CSC,Target_PBMC_NK,VWF,SIRPA,0.4426871,0.0,0.15855058,0.6138769505461119,1.3093025616341967,0.6113912,0.82479805,0.052840293692707256,0.8327653384674127
Source_Tumor_CSC,Target_PBMC_NK,GNAI2,F2R,0.55954814,1.0,0.12834944,-0.2632628606074901,-0.1652079777171124,0.20538305,0.80900234,1.0,0.8336002585535517
Source_Tumor_CSC,Target_PBMC_NK,ADAM17,ITGA5,0.23005258,1.0,0.046776395,-0.08929139081404501,-0.10534551027892014,0.19657497,0.71886766,1.0,0.8343682366569236
Source_Tumor_CSC,Target_PBMC_NK,SEMA7A,PLXNC1,0.12784766,0.0,0.012510064,0.1823290158099445,0.08409446048794006,0.55635875,0.5694063,0.4649252099308006,0.8357439231649417
Source_Tumor_CSC,Target_PBMC_NK,CCN1,ITGA5,0.36282045,0.0,0.12868367,0.552341669957912,0.9772611312626606,0.5466385,0.8092032,0.052840293692707256,0.8383142512529995
Source_Tumor_CSC,Target_PBMC_NK,VCAN,SELL,0.38377696,1.0,0.12888116,-0.28038568037671885,-0.7892261333974075,0.120936945,0.8093216,1.0,0.8430459822261718
Source_Tumor_CSC,Target_PBMC_NK,MDK,NOTCH2,0.22815363,0.0,0.046906844,0.383505010922327,0.4466488577163773,0.7186853,0.719149,0.052840293692707256,0.8438227437389212
Source_Tumor_CSC,Target_PBMC_NK,CCN2,ITGA5,0.43960923,0.0,0.17605628,0.645598930487188,1.1325349874257324,0.5466253,0.8322368,0.052840293692707256,0.8553875642772031
Source_Tumor_CSC,Target_PBMC_NK,CD14,RIPK1,0.22467473,1.0,0.04616702,-0.17947046909176087,-0.3653030543075506,0.1588691,0.71754074,1.0,0.8557409097134785
Source_Tumor_CSC,Target_PBMC_NK,THY1,ITGAM_ITGB2,0.23360665,0.0,0.03854748,0.3340993052610225,0.5783961639989694,0.84754163,0.6989089,0.052840293692707256,0.8557409097134785
Source_Tumor_CSC,Target_PBMC_NK,ADAM15,ITGB1,0.43812543,0.0,0.16166247,0.08312978686710272,0.24793764839208257,0.32657877,0.826198,0.3092774880908803,0.8654943436786646
Source_Tumor_CSC,Target_PBMC_NK,HBEGF,CD82,0.2229136,0.0,0.04787683,0.08385061106133589,0.0685612485374561,0.2679071,0.7212113,0.6518340653192852,0.86777077221989
Source_Tumor_CSC,Target_PBMC_NK,ARF6,SMAP1,0.36761957,1.0,0.13193378,-0.20558119776247916,-0.20837562858334824,0.20545708,0.8111213,1.0,0.8693892977266983
Source_Tumor_CSC,Target_PBMC_NK,BAG6,NCR3,0.2228474,1.0,0.047980882,-0.05882579261689287,0.25757135788969504,0.34451917,0.7214295,1.0,0.8701903822009
Source_Tumor_CSC,Target_PBMC_NK,SNCA,LAG3,0.117380165,0.233,0.012751776,0.008377956553711471,0.12430227246116421,0.4200553,0.5717507,1.0,0.8711020279822304
Source_Tumor_CSC,Target_PBMC_NK,IGF2,IGF2R,0.2631039,0.0,0.03775463,0.3084310712335683,0.15867435162583077,0.5949793,0.69671774,0.2951252820019762,0.8726142502483543
Source_Tumor_CSC,Target_PBMC_NK,CXCL12,CXCR3,0.11727877,0.0,0.012823943,0.2932185105199405,0.3703185444273489,0.7929991,0.57244146,0.05666578589707767,0.8754945411763694
Source_Tumor_CSC,Target_PBMC_NK,TGFB1,LPP,0.43617076,1.0,0.17722283,-0.49656734442611633,-1.1222997565811506,0.10735386,0.8326974,1.0,0.8756326318134369
Source_Tumor_CSC,Target_PBMC_NK,TNFSF13,TNFRSF14,0.2793878,1.0,0.037554946,-0.11775672765380359,-0.20351015420538474,0.14615563,0.69615716,1.0,0.877475481094492
Source_Tumor_CSC,Target_PBMC_NK,LAMC1,ITGA6_ITGB1,0.120332584,0.0,0.012827073,0.37806937542454755,-0.008678957313714847,0.2535451,0.5724714,0.8530335995100404,0.8798810082206985
Source_Tumor_CSC,Target_PBMC_NK,S100A9,CD36,0.4348449,1.0,0.18477057,-0.33955824103852017,-1.7443255635812154,0.10725921,0.83558244,1.0,0.8807134249429698
Source_Tumor_CSC,Target_PBMC_NK,VCAM1,ITGA4_ITGB1,0.4149892,0.0,0.13333584,0.3803235812322566,0.5483948429852292,0.5278714,0.8119297,0.052840293692707256,0.8815426422915991
Source_Tumor_CSC,Target_PBMC_NK,MMRN2,CD93,0.2209415,0.0,0.048466675,0.4878135682325676,0.10028450241591902,0.41866985,0.72244066,0.4285873056546357,0.8823549699744844
Source_Tumor_CSC,Target_PBMC_NK,JAM2,ITGA4_ITGB1,0.41532713,0.0,0.13374957,0.5125463064696829,0.41434788878116807,0.55077493,0.81216615,0.052840293692707256,0.8839868231049828
Source_Tumor_CSC,Target_PBMC_NK,SPTAN1,PTPRA,0.36852416,0.0,0.13382497,0.039570922656796285,0.24102617502145957,0.34084973,0.8122091,0.2530835281762204,0.8864357555805853
Source_Tumor_CSC,Target_PBMC_NK,PTGS2,ALOX5,0.22003049,0.0,0.04367562,0.0956340945562228,0.29218622524410487,0.40584517,0.71188515,0.10713153126603613,0.8872522766079937
Source_Tumor_CSC,Target_PBMC_NK,TGM2,ITGB1,0.4154154,0.0,0.13385768,0.4545117159713027,0.4385162861914139,0.5370456,0.8122278,0.052840293692707256,0.8888889683617509
Source_Tumor_CSC,Target_PBMC_NK,TGM2,ITGA4,0.41625166,0.0,0.1342234,0.4770847773200547,0.7797101619584276,0.7671049,0.81243575,0.052840293692707256,0.8913467031535935
Source_Tumor_CSC,Target_PBMC_NK,LAMB2,ITGA6_ITGB1,0.121773146,0.0,0.013056634,0.34079918480285765,-0.010067461670468209,0.24792345,0.5746407,0.8654298883699703,0.8930041211132159
Source_Tumor_CSC,Target_PBMC_NK,LGALS9,CD47,0.3781854,1.0,0.13437341,-0.05856096752442202,0.05427301168825066,0.2522356,0.81252086,1.0,0.8938089641199911
Source_Tumor_CSC,Target_PBMC_NK,CCN1,TLR2,0.4315703,0.0,0.18604584,0.5613616169188761,0.9182141339890154,0.6478695,0.8360544,0.034956786061712826,0.8960016003585007
Source_Tumor_CSC,Target_PBMC_NK,VCAN,ITGA4,0.4309797,1.0,0.15230477,-0.2681482328459335,-0.5648619251173748,0.14209178,0.8218752,1.0,0.8985562826718589
Source_Tumor_CSC,Target_PBMC_NK,JAG1,CD46,0.218575,0.0,0.040016122,0.2507256299294705,0.06397278179420002,0.4271514,0.7028285,0.5341496978734419,0.899575229442598
Source_Tumor_CSC,Target_PBMC_NK,GRN,TNFRSF1A,0.41799396,1.0,0.13585621,-0.08824773587045508,-0.37700605886963895,0.17999865,0.81335527,1.0,0.9012229457052909
Source_Tumor_CSC,Target_PBMC_NK,CSF1,CSF2RA,0.13932613,0.0,0.013112074,0.05909939936403938,0.046344524413360164,0.4050952,0.5751584,0.6245618900960617,0.9017226912649334
Source_Tumor_CSC,Target_PBMC_NK,VCAN,ITGB1,0.43014345,1.0,0.15188979,-0.2907212941946855,-0.9060558008843884,0.09947761,0.8216754,1.0,0.9087932900150382
Source_Tumor_CSC,Target_PBMC_NK,CALM3,INSR,0.281804,1.0,0.036404204,-0.16964158373914548,-0.35849828440821785,0.127573,0.6928558,1.0,0.9120115161895501
Source_Tumor_CSC,Target_PBMC_NK,ITGB2,CD226,0.23609814,1.0,0.03639115,-0.5643901596263411,-0.7098551781790319,0.160019,0.6928176,1.0,0.9145123994331525
Source_Tumor_CSC,Target_PBMC_NK,MFGE8,ITGAV,0.11551653,0.0,0.013199601,0.23309964903748623,0.06317749461878844,0.33213392,0.57597107,0.559001544450455,0.9147554250158011
Source_Tumor_CSC,Target_PBMC_NK,S100A8,CD68,0.42424402,1.0,0.13905978,-0.3836240028635294,-2.4722338230146184,0.045765854,0.8151179,1.0,0.9161739209852688
Source_Tumor_CSC,Target_PBMC_NK,TNFSF12,TNFRSF12A,0.13624057,1.0,0.013298267,-0.1750666425692504,-0.2960637532876117,0.12532496,0.5768802,1.0,0.9190876643118764
Source_Tumor_CSC,Target_PBMC_NK,PSEN1,NOTCH2,0.21717373,1.0,0.04032114,-0.07834749512935993,0.13364085493674963,0.26026157,0.7036209,1.0,0.91952811708612
Source_Tumor_CSC,Target_PBMC_NK,ICAM1,SPN,0.42854896,0.0,0.17010154,0.12773028605307882,0.6784133977341766,0.5348349,0.82982117,0.06790237401044023,0.9216305450325555
Source_Tumor_CSC,Target_PBMC_NK,ADAM28,ITGA4,0.42832398,0.0,0.14904436,0.35357049092720266,0.8032483310001851,0.6897219,0.82028574,0.052840293692707256,0.9242034620083118
Source_Tumor_CSC,Target_PBMC_NK,TGFB1,TGFBR3,0.40296793,1.0,0.14068078,-0.48525896204753466,-0.838157176730304,0.13438351,0.81598955,1.0,0.9287584432449871
Source_Tumor_CSC,Target_PBMC_NK,FABP5,RXRA,0.39866272,0.0,0.14094754,0.30351241633892273,0.7009844347337348,0.47579846,0.8161318,0.052840293692707256,0.9363641868873347
Source_Tumor_CSC,Target_PBMC_NK,JAG1,NOTCH2,0.2151941,0.0,0.03913378,0.2700650014251063,0.40099791456224754,0.6587798,0.7004948,0.052840293692707256,0.9397738858940345
Source_Tumor_CSC,Target_PBMC_NK,HLA-F,LILRB2,0.3773681,1.0,0.1424065,-0.19799100947901535,0.09807467248560536,0.2826716,0.8169032,1.0,0.9465698622128368
Source_Tumor_CSC,Target_PBMC_NK,BGN,LY96,0.12160228,0.0,0.013670891,0.2686287415199077,-0.13367628881646018,0.33020198,0.5802493,1.0,0.9578080109453389
Source_Tumor_CSC,Target_PBMC_NK,JAG1,NOTCH1,0.11845991,0.0,0.013888018,0.24619062181857226,0.09029210367777674,0.3639663,0.582167,0.45878478160806224,0.9663467597817887
Source_Tumor_CSC,Target_PBMC_NK,VEGFC,FLT1,0.13246822,0.0,0.0138922455,0.3975073360949649,-0.14947807551459424,0.20522615,0.58220404,1.0,0.9706072200047108
Source_Tumor_CSC,Target_PBMC_NK,TNFSF10,RIPK1,0.20639774,0.0,0.04035453,0.05303462873388197,0.10015800847258202,0.30285418,0.7037072,0.43042969872602044,0.9785316013609002
Source_Tumor_CSC,Target_PBMC_NK,LRPAP1,SORL1,0.39458868,1.0,0.1454086,-0.037344570723118045,-0.02205750692051983,0.30341765,0.8184582,1.0,0.9881333418192166
Source_Tumor_CSC,Target_PBMC_NK,C1QB,LRP1,0.4142,0.0,0.17117941,0.5607236380259877,1.110326921906861,0.77350247,0.8302667,0.015636951949012906,0.9943150877757598
Source_Tumor_CSC,Target_PBMC_NK,LRPAP1,LDLR,0.20376438,1.0,0.033531733,-0.06255336256683286,-0.11034651601526196,0.18416107,0.6840417,1.0,0.9996312910525179
Source_Tumor_CSC,Target_PBMC_NK,ADAM9,ITGAV,0.12569872,0.0,0.015307255,0.05794936497188715,0.010454117866518842,0.23013878,0.5939517,1.0,1.0
Source_Tumor_CSC,Target_PBMC_NK,ADAM17,RHBDF2,0.17528978,1.0,0.030167416,-0.08433446342600687,-0.07395283747342343,0.22949733,0.6725065,1.0,1.0
Source_Tumor_CSC,Target_PBMC_NK,ADAM17,NOTCH1,0.12903708,1.0,0.016139464,-0.09972741651450598,-0.211269239794662,0.148938,0.60031945,1.0,1.0
Source_Tumor_CSC,Target_PBMC_NK,ADAM17,IL6R,0.18791485,1.0,0.03399647,-0.07968120652071273,-0.0010684068244043998,0.26177913,0.6855272,1.0,1.0
Source_Tumor_CSC,Target_PBMC_NK,THBS1,ITGA6,0.13988367,1.0,0.015942628,-0.12992958503482707,-0.5564169456042991,0.08686153,0.5988463,1.0,1.0
Source_Tumor_CSC,Target_PBMC_NK,THBS1,SDC4,0.13623099,1.0,0.014480894,-0.10371155800613788,-0.3002553488544313,0.20916246,0.5872425,1.0,1.0
Source_Tumor_CSC,Target_PBMC_NK,TNFSF10,TNFRSF10B,0.18526465,0.0,0.029628037,0.03834288368522871,-0.022581816039304398,0.2038457,0.67051667,1.0,1.0
Source_Tumor_CSC,Target_PBMC_NK,TNFSF12,CD163,0.1976552,1.0,0.038943622,-0.17038085315891896,-0.4279308878646605,0.15134963,0.69998366,1.0,1.0
Source_Tumor_CSC,Target_PBMC_NK,TNFSF12,TNFRSF25,0.13946687,1.0,0.014645492,-0.16078219308758473,-0.15082200135961926,0.23970696,0.5886116,1.0,1.0
Source_Tumor_CSC,Target_PBMC_NK,CCN1,SDC4,0.24477617,0.0,0.030192127,0.5532440098829318,0.9898918716598519,0.63173646,0.6725967,0.04128217717472353,1.0
Source_Tumor_CSC,Target_PBMC_NK,CCN1,ITGAM,0.3886877,0.0,0.15026629,0.5720892673216788,1.2944884799595173,0.8479152,0.8208868,0.013788977300606029,1.0
Source_Tumor_CSC,Target_PBMC_NK,CCL3L1,CCR1,0.14233813,1.0,0.019588806,-0.04018648532559742,-0.12184983608884278,0.29648292,0.62331474,1.0,1.0
Source_Tumor_CSC,Target_PBMC_NK,C1QB,C1QBP,0.39615098,0.0,0.15693334,0.548940832432857,0.91836460210703,0.59081763,0.824056,0.052840293692707256,1.0
Source_Tumor_CSC,Target_PBMC_NK,ARF6,PLD1,0.243249,1.0,0.02639798,-0.21442995352713604,-0.24945472128216437,0.17513812,0.65764254,1.0,1.0
Source_Tumor_CSC,Target_PBMC_NK,ANGPTL4,ITGA5_ITGB1,0.20001778,0.0,0.028247302,0.29282956247105746,0.21220185752351411,0.53931296,0.66522384,0.2102587435490166,1.0
Source_Tumor_CSC,Target_PBMC_NK,C1QA,CR1,0.25237828,0.0,0.032587368,0.5460522852692005,0.8790914126157894,0.646463,0.68094647,0.040265179772968375,1.0
Source_Tumor_CSC,Target_PBMC_NK,BGN,TLR4,0.1345455,0.0,0.015953878,0.2930930559451547,0.24925657862356218,0.6152858,0.5989311,0.15350294535653847,1.0
Source_Tumor_CSC,Target_PBMC_NK,CD47,SIRPG,0.19125158,1.0,0.021519624,-0.08747635455399547,-6.281811877673071e-05,0.3851842,0.6342852,1.0,1.0
Source_Tumor_CSC,Target_PBMC_NK,CD72,CD5,0.14059652,0.0,0.015799005,0.1411073906734881,0.37639637977686125,0.72289956,0.59775895,0.06123421320141129,1.0
Source_Tumor_CSC,Target_PBMC_NK,CD70,CD27,0.15197745,0.0,0.019830743,0.12393286798835354,0.29190556138698714,0.50500906,0.62475467,0.10778328014779429,1.0
Source_Tumor_CSC,Target_PBMC_NK,CD48,CD244,0.1576789,1.0,0.020147244,-0.361543804452072,-0.45576621129416667,0.18017888,0.6266089,1.0,1.0
Source_Tumor_CSC,Target_PBMC_NK,CXCL12,CD4,0.20244981,0.0,0.02760569,0.29667495878523065,0.41938484979126156,0.71879435,0.6626606,0.052840293692707256,1.0
Source_Tumor_CSC,Target_PBMC_NK,CSF1,SIRPA,0.15459839,0.0,0.014943387,0.05874000077157206,0.10462783286197201,0.39067295,0.59104735,0.4140602490157663,1.0
Source_Tumor_CSC,Target_PBMC_NK,ENTPD1,ADORA2A,0.18956736,0.0,0.030709792,0.11493352140763172,0.2714171752712094,0.4453343,0.6744658,0.12653264961428545,1.0
Source_Tumor_CSC,Target_PBMC_NK,DLL4,NOTCH2,0.18769199,0.0,0.022638123,0.3129333116646826,0.34511794954806896,0.74706143,0.6401419,0.06744163013302513,1.0
Source_Tumor_CSC,Target_PBMC_NK,DLL1,NOTCH2,0.1812131,0.0,0.018752107,0.2486726186370295,0.3155503658458857,0.71348053,0.61817646,0.08891565577721648,1.0
Source_Tumor_CSC,Target_PBMC_NK,CXCL12,ITGA5,0.19761865,0.0,0.026767224,0.2845258011067595,0.2324725005591352,0.5461642,0.65920454,0.17973005518634372,1.0
Source_Tumor_CSC,Target_PBMC_NK,AFDN,EPHB6,0.14541559,0.0,0.014720998,0.2801519957137236,0.34571927935324953,0.6419187,0.58923405,0.06698323498678738,1.0
Source_Tumor_CSC,Target_PBMC_NK,ADM,ADRB2,0.16648309,0.0,0.026958665,0.1666568641899751,0.40401733004859436,0.5033464,0.6600047,0.052840293692707256,1.0
Source_Tumor_CSC,Target_PBMC_NK,FSTL1,DIP2A,0.18107842,0.0,0.03278377,0.35988139651770085,0.34161574353774676,0.58945113,0.68159884,0.06883094000965055,1.0
Source_Tumor_CSC,Target_PBMC_NK,FAM3C,CLEC2D,0.20004404,0.0,0.038900197,0.1224245050551512,0.23648249149252404,0.46247116,0.6998664,0.17218339837319338,1.0
Source_Tumor_CSC,Target_PBMC_NK,IRAK4,TLR4,0.13580313,1.0,0.016408883,-0.0596627838310461,-0.014533919410516155,0.2271772,0.60230386,1.0,1.0
Source_Tumor_CSC,Target_PBMC_NK,IL1B,ADRB2,0.15978444,1.0,0.025097078,-0.1566810431190362,-0.8475176254431334,0.14872289,0.651931,1.0,1.0
Source_Tumor_CSC,Target_PBMC_NK,HSPA4,TLR4,0.19075955,0.0,0.03629197,0.043136975308270945,0.1370854257666844,0.3382006,0.6925272,0.3437557684278534,1.0
Source_Tumor_CSC,Target_PBMC_NK,HLA-F,CD8B,0.39406613,1.0,0.15502371,-0.19663811295014869,0.43337605274173363,0.32363608,0.8231667,1.0,1.0
Source_Tumor_CSC,Target_PBMC_NK,HLA-DQA2,CD4,0.41002953,0.0,0.15967736,0.19359715324380283,0.619720768436552,0.4786688,0.82530916,0.052840293692707256,1.0
Source_Tumor_CSC,Target_PBMC_NK,HLA-DOB,CD4,0.1917723,0.0,0.02081217,0.22108967109101274,0.28467460297041747,0.6630014,0.6303995,0.11310492184793655,1.0
Source_Tumor_CSC,Target_PBMC_NK,HBEGF,CD9,0.19174477,0.0,0.03132617,0.05417548232240015,-0.261107704346971,0.121520676,0.67664355,1.0,1.0
Source_Tumor_CSC,Target_PBMC_NK,JAM3,ITGAM_ITGB2,0.21404,0.0,0.024451861,0.09017357287291089,0.35661808491304997,0.58333385,0.6489701,0.09649743430260292,1.0
Source_Tumor_CSC,Target_PBMC_NK,JAM2,ITGAV_ITGB1,0.16099076,0.0,0.022612503,0.49594930148162253,0.18681870578910578,0.375654,0.6400115,0.2481634604805418,1.0
Source_Tumor_CSC,Target_PBMC_NK,JAG2,NOTCH2,0.18439625,0.0,0.02066135,0.26431493525875166,0.31855558716980953,0.71895134,0.6295519,0.08502315036563371,1.0
Source_Tumor_CSC,Target_PBMC_NK,IL16,KCNA3,0.13519898,1.0,0.017979912,-0.10791427947182268,0.03305241577108711,0.2961902,0.6132016,1.0,1.0
Source_Tumor_CSC,Target_PBMC_NK,IL16,CD9,0.13523775,1.0,0.017991738,-0.1580081943549935,-0.6332514157362483,0.06406115,0.6132795,1.0,1.0
Source_Tumor_CSC,Target_PBMC_NK,LAMA4,ITGA6_ITGB1,0.16406745,0.0,0.019796422,0.49403437915844683,0.18008690789197013,0.26237515,0.6245516,0.7198420119965834,1.0
Source_Tumor_CSC,Target_PBMC_NK,MAML2,NOTCH1,0.1749338,1.0,0.025908992,-0.08629665377646087,-0.14254463124937328,0.16618904,0.6555346,1.0,1.0
Source_Tumor_CSC,Target_PBMC_NK,LRPAP1,SORT1,0.19160508,1.0,0.02640295,-0.054883931723305135,-0.09727060285946301,0.236106,0.6576637,1.0,1.0
Source_Tumor_CSC,Target_PBMC_NK,LMAN1,MCFD2,0.18383753,0.0,0.025749626,0.1122761442379286,0.1006259148794468,0.25207704,0.6548376,0.8166427875400138,1.0
Source_Tumor_CSC,Target_PBMC_NK,LILRB4,LAIR1,0.1670312,0.955,0.023972185,-0.020845184081738702,0.030919958669614056,0.2813896,0.6467102,1.0,1.0
Source_Tumor_CSC,Target_PBMC_NK,LGALS9,SLC1A5,0.19132373,1.0,0.027796542,-0.06956446245034942,-0.04273058871602145,0.21442012,0.6634302,1.0,1.0
Source_Tumor_CSC,Target_PBMC_NK,LGALS9,HAVCR2,0.20345289,1.0,0.03471443,-0.06348651719137319,-0.038842398818842466,0.2625106,0.68777555,1.0,1.0
Source_Tumor_CSC,Target_PBMC_NK,NECTIN2,TIGIT,0.18963273,0.0,0.02173596,0.3696789177229019,0.4808012121325996,0.7493493,0.63544464,0.052840293692707256,1.0
Source_Tumor_CSC,Target_PBMC_NK,NECTIN2,CD226,0.20294465,0.0,0.02996006,0.3713204687204045,0.539205090223915,0.7782875,0.67174655,0.052840293692707256,1.0
Source_Tumor_CSC,Target_PBMC_NK,MMP2,PECAM1,0.2511186,0.0,0.032010507,0.22521749803899715,-0.4791017508169183,0.35260177,0.6790032,1.0,1.0
Source_Tumor_CSC,Target_PBMC_NK,MFNG,NOTCH2,0.20315972,1.0,0.0319156,-0.11353098887548665,0.037750576585440204,0.2148068,0.67867947,1.0,1.0
Source_Tumor_CSC,Target_PBMC_NK,MDK,SDC2,0.12557322,0.0,0.014817765,0.37181973974388394,0.2529100542257249,0.6217635,0.59002674,0.1468026088310273,1.0
Source_Tumor_CSC,Target_PBMC_NK,SEMA4D,PLXNB2,0.17635426,1.0,0.030243997,-0.1283603562307109,0.050164069327427785,0.20597883,0.67278564,1.0,1.0
Source_Tumor_CSC,Target_PBMC_NK,SEMA4A,PLXND1,0.14091268,0.816,0.019316338,-0.0067073005433088174,-0.1376307294546434,0.19961058,0.62166893,1.0,1.0
Source_Tumor_CSC,Target_PBMC_NK,PTPN6,CD300LF,0.19273165,1.0,0.027835302,-0.19485841851622424,-0.14748729455052423,0.26363876,0.6635857,1.0,1.0
Source_Tumor_CSC,Target_PBMC_NK,PTDSS1,JMJD6,0.20004715,1.0,0.03663085,-0.06407999587874602,-0.07848450447604158,0.23613769,0.6935158,1.0,1.0
Source_Tumor_CSC,Target_PBMC_NK,PSEN1,NOTCH1,0.120439515,1.0,0.014309396,-0.10222187473589397,-0.1770649559477212,0.14379074,0.58579785,1.0,1.0
Source_Tumor_CSC,Target_PBMC_NK,PSEN1,NCSTN,0.13941482,1.0,0.01941184,-0.0928525317408624,-0.07672750305625206,0.19073282,0.6222487,1.0,1.0
Source_Tumor_CSC,Target_PBMC_NK,PLTP,ABCA1,0.16423684,0.0,0.026716027,0.32768316800855996,0.15881304379089511,0.44889423,0.6589894,0.2937372760252395,1.0
Source_Tumor_CSC,Target_PBMC_NK,NUCB2,ERAP1,0.202079,0.309,0.03960953,0.007504040146178252,0.14295630241747057,0.33336982,0.70176095,1.0,1.0
Source_Tumor_CSC,Target_PBMC_NK,SEMA4A,PLXNB2,0.16164988,0.038,0.024196789,0.01459136951918536,0.18556120526428402,0.34555325,0.6477748,0.9825740095107454,1.0
Source_Tumor_CSC,Target_PBMC_NK,S100A8,TLR4,0.20142391,1.0,0.040150303,-0.3767141003022051,-2.183787908533645,0.055990182,0.703178,1.0,1.0
Source_Tumor_CSC,Target_PBMC_NK,ADAM15,ITGAV,0.18378909,0.0,0.027331624,0.0665327818790423,0.02040846540002028,0.22274184,0.6615445,1.0,1.0
Source_Tumor_CSC,Target_PBMC_NK,ADAM10,TSPAN5,0.15137579,1.0,0.015457552,-0.0777857590972566,-0.0654797398032912,0.20566168,0.5951294,1.0,1.0
Source_Tumor_CSC,Target_PBMC_NK,ADAM10,TSPAN17,0.15123148,1.0,0.015388942,-0.07177244599814644,-0.008628006183768862,0.27458376,0.59459335,1.0,1.0
Source_Tumor_CSC,Target_PBMC_NK,ADAM10,NOTCH1,0.17207982,1.0,0.025301494,-0.08412870438564365,-0.1537130989831762,0.16837111,0.6528508,1.0,1.0
Source_Tumor_CSC,Target_PBMC_NK,VEGFA,ITGAV,0.19409713,0.0,0.029465329,0.1515925310138734,0.28975866810174067,0.26417696,0.6699081,0.685205412257094,1.0
Source_Tumor_CSC,Target_PBMC_NK,TGS1,RXRA,0.18072239,0.943,0.025632385,-0.02016635607533824,0.009210076611794432,0.27730247,0.65432173,1.0,1.0
Source_Tumor_CSC,Target_PBMC_NK,TGM2,SDC4,0.14551646,0.0,0.015824907,0.4527200544978039,0.3833901342352758,0.61545116,0.5979559,0.052840293692707256,1.0
Source_Tumor_CSC,Target_PBMC_NK,TGM2,ADGRG1,0.20164427,0.0,0.04037084,0.4598909973928995,0.592938150258208,0.73506314,0.70374936,0.052840293692707256,1.0
Source_Tumor_CSC,Target_PBMC_NK,TFPI,SDC4,0.14996465,0.0,0.016468756,0.37107597034678325,0.3631820964616791,0.58742464,0.60274,0.05996185733616512,1.0
Source_Tumor_CSC,Target_PBMC_NK,TNFSF13,TNFRSF1A,0.14949642,1.0,0.017256761,-0.13556182911099973,-0.41380839088582533,0.10580443,0.608322,1.0,1.0
Source_Tumor_CSC,Target_PBMC_NK,TNFSF13B,TFRC,0.15297684,1.0,0.023395244,-0.13427653096684347,-0.16673070832467263,0.15680932,0.6439222,1.0,1.0
